TransactionID,CustomerID,ProductID,FechaCompra,Cantidad,MontoTotal,MedioPago
TXN-01756,CLI-0147,PRD-007,2024-04-05,4.0,239.96,Tarjeta Débito
TXN-00213,CLI-0171,PRD-006,2024-04-05,3.0,749.97,Tarjeta Crédito
TXN-00273,CLI-0111,PRD-013,2024-04-05,5.0,224.95,Transferencia
TXN-00231,CLI-0172,PRD-007,2024-04-05,1.0,59.99,Tarjeta Crédito
TXN-01325,CLI-0014,PRD-010,2024-04-05,4.0,139.96,Tarjeta Débito
TXN-01124,CLI-0081,PRD-004,2024-04-07,1.0,89.99,Efectivo
TXN-02475,CLI-0171,PRD-005,2024-04-07,4.0,1799.96,Efectivo
TXN-02159,CLI-0093,PRD-004,2024-04-08,5.0,449.95,Tarjeta Débito
TXN-01037,CLI-0038,PRD-024,2024-04-08,2.0,59.98,Transferencia
TXN-00867,CLI-0113,PRD-019,2024-04-08,1.0,109.99,Transferencia
TXN-02591,CLI-0198,PRD-017,2024-04-08,1.0,549.99,Tarjeta Débito
TXN-00345,CLI-0111,PRD-025,2024-04-08,3.0,29.97,PayPal
TXN-00096,CLI-0173,PRD-021,2024-04-08,1.0,24.99,Tarjeta Crédito
TXN-01850,CLI-0029,PRD-003,2024-04-08,1.0,29.99,Transferencia
TXN-02453,CLI-0099,PRD-003,2024-04-08,1.0,29.99,Tarjeta Crédito
TXN-01793,CLI-0019,PRD-014,2024-04-08,1.0,34.99,Tarjeta Crédito
TXN-02722,CLI-0120,PRD-023,2024-04-09,1.0,349.99,Efectivo
TXN-00458,CLI-0091,PRD-005,2024-04-09,4.0,1799.96,Tarjeta Débito
TXN-00128,CLI-0004,PRD-007,2024-04-09,2.0,119.98,Efectivo
TXN-01712,CLI-0052,PRD-009,2024-04-09,2.0,149.98,PayPal
TXN-00312,CLI-0113,PRD-003,2024-04-09,1.0,29.99,Tarjeta Crédito
TXN-00688,CLI-0090,PRD-010,2024-04-09,4.0,139.96,Transferencia
TXN-01971,CLI-0160,PRD-014,2024-04-09,1.0,34.99,Tarjeta Débito
TXN-02223,CLI-0005,PRD-014,2024-04-09,4.0,139.96,PayPal
TXN-01573,CLI-0110,PRD-024,2024-04-09,4.0,119.96,PayPal
TXN-02853,CLI-0169,PRD-016,2024-04-10,1.0,299.99,Transferencia
TXN-00740,CLI-0191,PRD-011,2024-04-10,5.0,64.95,PayPal
TXN-02347,CLI-0075,PRD-006,2024-04-10,2.0,499.98,Tarjeta Débito
TXN-00160,CLI-0132,PRD-008,2024-04-10,4.0,159.96,Efectivo
TXN-00021,CLI-0011,PRD-003,2024-04-10,2.0,59.98,Tarjeta Crédito
TXN-00985,CLI-0071,PRD-011,2024-04-10,3.0,38.97,Tarjeta Crédito
TXN-01694,CLI-0087,PRD-004,2024-04-10,2.0,179.98,Efectivo
TXN-02701,CLI-0051,PRD-006,2024-04-10,1.0,249.99,Transferencia
TXN-00467,CLI-0040,PRD-012,2024-04-11,2.0,39.98,Tarjeta Crédito
TXN-02581,CLI-0118,PRD-024,2024-04-11,2.0,59.98,Tarjeta Débito
TXN-00866,CLI-0056,PRD-020,2024-04-11,5.0,79.95,Tarjeta Crédito
TXN-01810,CLI-0183,PRD-012,2024-04-11,1.0,19.99,Tarjeta Débito
TXN-01559,CLI-0044,PRD-018,2024-04-11,5.0,74.95,Tarjeta Débito
TXN-02192,CLI-0129,PRD-003,2024-04-11,2.0,59.98,Transferencia
TXN-00424,CLI-0026,PRD-020,2024-04-11,1.0,15.99,Tarjeta Crédito
TXN-02544,CLI-0137,PRD-009,2024-04-11,4.0,299.96,Tarjeta Débito
TXN-01272,CLI-0162,PRD-008,2024-04-11,2.0,79.98,Tarjeta Débito
TXN-02643,CLI-0111,PRD-014,2024-04-11,1.0,34.99,Tarjeta Débito
TXN-00611,CLI-0183,PRD-008,2024-04-12,1.0,39.99,Tarjeta Crédito
TXN-02092,CLI-0084,PRD-003,2024-04-12,1.0,29.99,Tarjeta Débito
TXN-00830,CLI-0100,PRD-012,2024-04-12,1.0,19.99,Tarjeta Crédito
TXN-02622,CLI-0025,PRD-014,2024-04-12,2.0,69.98,PayPal
TXN-01262,CLI-0046,PRD-007,2024-04-12,2.0,119.98,Tarjeta Débito
TXN-02416,CLI-0116,PRD-009,2024-04-12,1.0,74.99,Efectivo
TXN-00907,CLI-0179,PRD-003,2024-04-12,2.0,59.98,Tarjeta Débito
TXN-01197,CLI-0046,PRD-007,2024-04-12,4.0,239.96,Transferencia
TXN-02710,CLI-0183,PRD-011,2024-04-12,2.0,25.98,Transferencia
TXN-00626,CLI-0084,PRD-001,2024-04-12,2.0,2599.98,PayPal
TXN-02007,CLI-0108,PRD-004,2024-04-12,2.0,179.98,Efectivo
TXN-01574,CLI-0077,PRD-009,2024-04-12,4.0,299.96,Tarjeta Crédito
TXN-01606,CLI-0095,PRD-001,2024-04-12,1.0,1299.99,Efectivo
TXN-01576,CLI-0106,PRD-010,2024-04-12,4.0,139.96,Tarjeta Débito
TXN-02703,CLI-0176,PRD-010,2024-04-12,4.0,139.96,Tarjeta Crédito
TXN-00014,CLI-0179,PRD-020,2024-04-12,2.0,31.98,PayPal
TXN-02638,CLI-0167,PRD-008,2024-04-12,1.0,39.99,Transferencia
TXN-00124,CLI-0004,PRD-002,2024-04-13,5.0,3499.95,PayPal
TXN-02058,CLI-0071,PRD-013,2024-04-13,4.0,179.96,Tarjeta Crédito
TXN-02300,CLI-0042,PRD-006,2024-04-13,1.0,249.99,Tarjeta Crédito
TXN-00505,CLI-0001,PRD-004,2024-04-13,1.0,89.99,Tarjeta Débito
TXN-00561,CLI-0005,PRD-018,2024-04-13,1.0,,PayPal
TXN-01796,CLI-0193,PRD-024,2024-04-13,5.0,149.95,Transferencia
TXN-01506,CLI-0002,PRD-016,2024-04-13,4.0,1199.96,PayPal
TXN-00254,CLI-0042,PRD-008,2024-04-14,2.0,79.98,Tarjeta Crédito
TXN-02982,CLI-0181,PRD-015,2024-04-14,1.0,399.99,Transferencia
TXN-02784,CLI-0067,PRD-007,2024-04-14,2.0,119.98,Tarjeta Débito
TXN-01607,CLI-0146,PRD-008,2024-04-14,5.0,199.95,PayPal
TXN-00922,CLI-0063,PRD-019,2024-04-14,4.0,439.96,PayPal
TXN-01133,CLI-0149,PRD-020,2024-04-14,1.0,15.99,PayPal
TXN-01059,CLI-0135,PRD-014,2024-04-14,5.0,174.95,Tarjeta Débito
TXN-00183,CLI-0086,PRD-007,2024-04-14,1.0,59.99,Tarjeta Débito
TXN-02150,CLI-0197,PRD-018,2024-04-14,1.0,14.99,PayPal
TXN-01737,CLI-0193,PRD-018,2024-04-15,1.0,14.99,Transferencia
TXN-00112,CLI-0074,PRD-004,2024-04-15,,179.98,Tarjeta Crédito
TXN-00368,CLI-0175,PRD-021,2024-04-15,2.0,49.98,Transferencia
TXN-00065,CLI-0116,PRD-008,2024-04-15,1.0,39.99,Transferencia
TXN-02542,CLI-0185,PRD-010,2024-04-16,1.0,34.99,Efectivo
TXN-01373,CLI-0053,PRD-011,2024-04-16,5.0,64.95,PayPal
TXN-02897,CLI-0188,PRD-007,2024-04-16,4.0,239.96,PayPal
TXN-01631,CLI-0080,PRD-022,2024-04-16,2.0,179.98,Tarjeta Crédito
TXN-00648,CLI-0049,PRD-025,2024-04-16,2.0,19.98,Tarjeta Crédito
TXN-00370,CLI-0076,PRD-004,2024-04-16,3.0,269.97,Tarjeta Débito
TXN-01739,CLI-0113,PRD-007,2024-04-16,1.0,59.99,Efectivo
TXN-00707,CLI-0056,PRD-018,2024-04-16,2.0,29.98,Efectivo
TXN-02355,CLI-0024,PRD-014,2024-04-17,3.0,104.97,Tarjeta Crédito
TXN-00647,CLI-0030,PRD-015,2024-04-17,1.0,399.99,Tarjeta Crédito
TXN-00398,CLI-0123,PRD-010,2024-04-17,2.0,69.98,PayPal
TXN-02322,CLI-0006,PRD-020,2024-04-17,1.0,15.99,PayPal
TXN-02750,CLI-0176,PRD-010,2024-04-17,1.0,34.99,Tarjeta Débito
TXN-00080,CLI-0057,PRD-009,2024-04-17,1.0,74.99,Tarjeta Crédito
TXN-02779,CLI-0078,PRD-018,2024-04-18,1.0,14.99,Tarjeta Crédito
TXN-02871,CLI-0185,PRD-011,2024-04-18,1.0,12.99,Efectivo
TXN-01276,CLI-0100,PRD-007,2024-04-18,3.0,179.97,PayPal
TXN-00134,CLI-0008,PRD-024,2024-04-18,1.0,29.99,PayPal
TXN-01384,CLI-0167,PRD-004,2024-04-18,2.0,179.98,Tarjeta Débito
TXN-00236,CLI-0185,PRD-007,2024-04-18,2.0,119.98,Tarjeta Débito
TXN-00132,CLI-0189,PRD-009,2024-04-18,1.0,74.99,Tarjeta Crédito
TXN-00716,CLI-0199,PRD-010,2024-04-18,4.0,139.96,Transferencia
TXN-00496,CLI-0152,PRD-001,2024-04-18,5.0,6499.95,Tarjeta Débito
TXN-00455,CLI-0050,PRD-005,2024-04-18,3.0,1349.97,Tarjeta Débito
TXN-00005,CLI-0026,PRD-009,2024-04-18,4.0,299.96,Tarjeta Débito
TXN-00529,CLI-0045,PRD-008,2024-04-18,1.0,39.99,Tarjeta Débito
TXN-00928,CLI-0030,PRD-001,2024-04-18,2.0,2599.98,Efectivo
TXN-01423,CLI-0042,PRD-021,2024-04-19,5.0,124.95,Tarjeta Crédito
TXN-01442,CLI-0002,PRD-007,2024-04-19,3.0,179.97,Transferencia
TXN-00131,CLI-0178,PRD-001,2024-04-19,1.0,1299.99,Transferencia
TXN-02283,CLI-0080,PRD-018,2024-04-19,1.0,14.99,Efectivo
TXN-02344,CLI-0003,PRD-011,2024-04-19,2.0,25.98,Tarjeta Crédito
TXN-02249,CLI-0008,PRD-008,2024-04-19,1.0,39.99,Tarjeta Débito
TXN-00572,CLI-0074,PRD-002,2024-04-19,1.0,699.99,Tarjeta Crédito
TXN-02374,CLI-0178,PRD-014,2024-04-19,3.0,104.97,Transferencia
TXN-02457,CLI-0179,PRD-005,2024-04-19,1.0,449.99,Tarjeta Crédito
TXN-02650,CLI-0072,PRD-015,2024-04-19,2.0,799.98,Tarjeta Crédito
TXN-01475,CLI-0019,PRD-004,2024-04-19,5.0,449.95,Transferencia
TXN-01465,CLI-0164,PRD-007,2024-04-19,3.0,179.97,Transferencia
TXN-01786,CLI-0120,PRD-007,2024-04-19,2.0,119.98,PayPal
TXN-00562,CLI-0020,PRD-007,2024-04-19,4.0,239.96,Tarjeta Crédito
TXN-01351,CLI-0082,PRD-008,2024-04-19,3.0,119.97,Tarjeta Crédito
TXN-02433,CLI-0044,PRD-011,2024-04-19,2.0,25.98,Tarjeta Crédito
TXN-01299,CLI-0192,PRD-006,2024-04-19,1.0,249.99,Transferencia
TXN-01827,CLI-0017,PRD-011,2024-04-20,4.0,51.96,Tarjeta Débito
TXN-00742,CLI-0061,PRD-015,2024-04-20,3.0,1199.97,Transferencia
TXN-02630,CLI-0026,PRD-003,2024-04-20,1.0,29.99,Transferencia
TXN-01377,CLI-0036,PRD-010,2024-04-20,1.0,34.99,Transferencia
TXN-00186,CLI-0146,PRD-003,2024-04-20,3.0,89.97,Tarjeta Crédito
TXN-00718,CLI-0087,PRD-011,2024-04-20,1.0,12.99,Transferencia
TXN-00192,CLI-0012,PRD-014,2024-04-20,2.0,69.98,Transferencia
TXN-00040,CLI-0007,PRD-008,2024-04-21,3.0,119.97,Tarjeta Débito
TXN-02909,CLI-0090,PRD-016,2024-04-21,4.0,1199.96,Tarjeta Crédito
TXN-01565,CLI-0012,PRD-001,2024-04-21,5.0,6499.95,Tarjeta Débito
TXN-00060,CLI-0089,PRD-021,2024-04-21,2.0,49.98,Transferencia
TXN-01064,CLI-0180,PRD-011,2024-04-21,1.0,12.99,Tarjeta Crédito
TXN-02847,CLI-0025,PRD-024,2024-04-22,3.0,89.97,Tarjeta Débito
TXN-01446,CLI-0084,PRD-004,2024-04-22,1.0,89.99,Efectivo
TXN-01728,CLI-0122,PRD-007,2024-04-22,2.0,119.98,Transferencia
TXN-02054,CLI-0120,PRD-014,2024-04-23,3.0,104.97,PayPal
TXN-01484,CLI-0136,PRD-009,2024-04-23,2.0,149.98,PayPal
TXN-01116,CLI-0145,PRD-003,2024-04-23,1.0,29.99,Tarjeta Crédito
TXN-00004,CLI-0115,PRD-005,2024-04-23,1.0,449.99,Efectivo
TXN-01839,CLI-0199,PRD-002,2024-04-23,1.0,699.99,Tarjeta Crédito
TXN-00861,CLI-0062,PRD-023,2024-04-23,2.0,699.98,Tarjeta Crédito
TXN-02781,CLI-0048,PRD-021,2024-04-23,1.0,24.99,Transferencia
TXN-01649,CLI-0190,PRD-003,2024-04-23,5.0,149.95,Transferencia
TXN-00592,CLI-0073,PRD-005,2024-04-23,1.0,449.99,Tarjeta Crédito
TXN-02062,CLI-0106,PRD-014,2024-04-23,1.0,34.99,Tarjeta Débito
TXN-00615,CLI-0122,PRD-003,2024-04-23,4.0,119.96,Tarjeta Crédito
TXN-01537,CLI-0198,PRD-003,2024-04-23,1.0,29.99,PayPal
TXN-00178,CLI-0134,PRD-018,2024-04-24,4.0,59.96,Tarjeta Débito
TXN-00665,CLI-0006,PRD-010,2024-04-24,3.0,104.97,Tarjeta Crédito
TXN-02388,CLI-0199,PRD-021,2024-04-24,1.0,24.99,Tarjeta Crédito
TXN-02762,CLI-0095,PRD-016,2024-04-24,2.0,599.98,PayPal
TXN-00291,CLI-0016,PRD-014,2024-04-25,2.0,69.98,Transferencia
TXN-00762,CLI-0190,PRD-018,2024-04-25,1.0,14.99,Tarjeta Crédito
TXN-02652,CLI-0106,PRD-016,2024-04-25,1.0,299.99,Tarjeta Débito
TXN-02865,CLI-0035,PRD-018,2024-04-25,2.0,,Tarjeta Crédito
TXN-02044,CLI-0120,PRD-014,2024-04-25,5.0,174.95,Tarjeta Crédito
TXN-01314,CLI-0072,PRD-013,2024-04-25,5.0,224.95,Tarjeta Crédito
TXN-01594,CLI-0171,PRD-003,2024-04-25,2.0,59.98,PayPal
TXN-00411,CLI-0126,PRD-019,2024-04-25,1.0,109.99,PayPal
TXN-01125,CLI-0017,PRD-019,2024-04-25,5.0,549.95,Tarjeta Crédito
TXN-00691,CLI-0054,PRD-003,2024-04-25,5.0,149.95,Tarjeta Débito
TXN-01818,CLI-0019,PRD-012,2024-04-25,1.0,19.99,Transferencia
TXN-00729,CLI-0127,PRD-005,2024-04-26,3.0,1349.97,PayPal
TXN-01366,CLI-0127,PRD-018,2024-04-26,2.0,29.98,Tarjeta Débito
TXN-01853,CLI-0152,PRD-016,2024-04-26,2.0,599.98,Transferencia
TXN-01856,CLI-0146,PRD-019,2024-04-26,3.0,329.97,Tarjeta Crédito
TXN-00228,CLI-0093,PRD-019,2024-04-26,5.0,549.95,Tarjeta Crédito
TXN-00533,CLI-0070,PRD-021,2024-04-26,2.0,49.98,Efectivo
TXN-02718,CLI-0186,PRD-008,2024-04-26,2.0,79.98,Transferencia
TXN-01274,CLI-0134,PRD-005,2024-04-26,4.0,1799.96,Tarjeta Crédito
TXN-00738,CLI-0116,PRD-005,2024-04-26,3.0,1349.97,Transferencia
TXN-02973,CLI-0032,PRD-012,2024-04-26,1.0,19.99,Transferencia
TXN-01463,CLI-0194,PRD-006,2024-04-26,2.0,499.98,Tarjeta Crédito
TXN-02644,CLI-0016,PRD-001,2024-04-26,3.0,3899.97,Tarjeta Crédito
TXN-00882,CLI-0098,PRD-007,2024-04-26,4.0,239.96,Tarjeta Crédito
TXN-00326,CLI-0197,PRD-007,2024-04-26,5.0,299.95,Efectivo
TXN-02103,CLI-0114,PRD-007,2024-04-26,5.0,299.95,Tarjeta Crédito
TXN-00988,CLI-0162,PRD-001,2024-04-26,3.0,3899.97,Tarjeta Débito
TXN-00841,CLI-0071,PRD-010,2024-04-26,4.0,139.96,Tarjeta Crédito
TXN-02275,CLI-0109,PRD-006,2024-04-26,1.0,249.99,Tarjeta Débito
TXN-02885,CLI-0076,PRD-014,2024-04-26,1.0,34.99,Tarjeta Crédito
TXN-00719,CLI-0041,PRD-018,2024-04-26,1.0,14.99,Transferencia
TXN-00180,CLI-0044,PRD-018,2024-04-27,2.0,29.98,Tarjeta Crédito
TXN-01244,CLI-0126,PRD-003,2024-04-27,2.0,,Tarjeta Débito
TXN-01428,CLI-0170,PRD-008,2024-04-27,4.0,159.96,Transferencia
TXN-00932,CLI-0169,PRD-012,2024-04-27,1.0,19.99,Transferencia
TXN-00829,CLI-0107,PRD-019,2024-04-27,2.0,219.98,Tarjeta Débito
TXN-01979,CLI-0093,PRD-022,2024-04-27,4.0,359.96,Tarjeta Crédito
TXN-01794,CLI-0128,PRD-009,2024-04-28,2.0,149.98,Tarjeta Débito
TXN-02620,CLI-0115,PRD-013,2024-04-28,2.0,89.98,Tarjeta Crédito
TXN-00677,CLI-0026,PRD-006,2024-04-28,5.0,1249.95,Tarjeta Crédito
TXN-01303,CLI-0023,PRD-009,2024-04-28,1.0,74.99,Tarjeta Débito
TXN-00127,CLI-0171,PRD-002,2024-04-28,1.0,699.99,Tarjeta Débito
TXN-01381,CLI-0086,PRD-014,2024-04-28,5.0,174.95,Tarjeta Crédito
TXN-01729,CLI-0138,PRD-007,2024-04-28,2.0,119.98,Tarjeta Crédito
TXN-00868,CLI-0013,PRD-007,2024-04-28,1.0,59.99,PayPal
TXN-00007,CLI-0043,PRD-003,2024-04-28,5.0,149.95,Tarjeta Crédito
TXN-02817,CLI-0194,PRD-011,2024-04-28,4.0,51.96,Transferencia
TXN-02922,CLI-0145,PRD-010,2024-04-28,1.0,34.99,Efectivo
TXN-00692,CLI-0184,PRD-003,2024-04-29,1.0,29.99,Tarjeta Crédito
TXN-01989,CLI-0017,PRD-004,2024-04-29,4.0,359.96,Tarjeta Crédito
TXN-01333,CLI-0010,PRD-018,2024-04-29,,29.98,Tarjeta Débito
TXN-00158,CLI-0176,PRD-025,2024-04-30,1.0,9.99,Tarjeta Crédito
TXN-01693,CLI-0186,PRD-021,2024-04-30,1.0,24.99,Tarjeta Crédito
TXN-01425,CLI-0074,PRD-014,2024-04-30,5.0,174.95,Transferencia
TXN-00730,CLI-0176,PRD-019,2024-04-30,1.0,109.99,Tarjeta Crédito
TXN-00057,CLI-0088,PRD-025,2024-04-30,1.0,9.99,Tarjeta Crédito
TXN-01692,CLI-0159,PRD-011,2024-04-30,3.0,38.97,PayPal
TXN-00746,CLI-0124,PRD-006,2024-04-30,3.0,749.97,Tarjeta Débito
TXN-01543,CLI-0189,PRD-004,2024-05-01,3.0,269.97,Tarjeta Crédito
TXN-00135,CLI-0152,PRD-003,2024-05-01,2.0,59.98,Tarjeta Débito
TXN-02070,CLI-0066,PRD-012,2024-05-01,3.0,59.97,Transferencia
TXN-02228,CLI-0144,PRD-020,2024-05-01,4.0,63.96,Transferencia
TXN-02738,CLI-0197,PRD-016,2024-05-01,1.0,299.99,Tarjeta Crédito
TXN-01323,CLI-0119,PRD-003,2024-05-01,4.0,119.96,Tarjeta Crédito
TXN-02064,CLI-0162,PRD-003,2024-05-01,2.0,59.98,Efectivo
TXN-02534,CLI-0032,PRD-018,2024-05-01,3.0,44.97,Transferencia
TXN-00525,CLI-0146,PRD-005,2024-05-01,5.0,2249.95,Transferencia
TXN-00523,CLI-0104,PRD-016,2024-05-01,2.0,599.98,Tarjeta Crédito
TXN-00941,CLI-0017,PRD-009,2024-05-01,4.0,299.96,Tarjeta Crédito
TXN-01065,CLI-0006,PRD-011,2024-05-02,2.0,25.98,Tarjeta Crédito
TXN-00892,CLI-0193,PRD-013,2024-05-02,3.0,134.97,Transferencia
TXN-00018,CLI-0154,PRD-014,2024-05-02,4.0,139.96,Efectivo
TXN-01542,CLI-0026,PRD-007,2024-05-02,1.0,59.99,Transferencia
TXN-00367,CLI-0114,PRD-005,2024-05-02,1.0,449.99,Tarjeta Crédito
TXN-02287,CLI-0166,PRD-006,2024-05-02,1.0,249.99,Transferencia
TXN-00266,CLI-0083,PRD-012,2024-05-02,1.0,19.99,Tarjeta Crédito
TXN-00046,CLI-0140,PRD-001,2024-05-03,1.0,1299.99,Tarjeta Débito
TXN-00598,CLI-0023,PRD-007,2024-05-03,1.0,59.99,Tarjeta Crédito
TXN-01075,CLI-0074,PRD-023,2024-05-03,5.0,1749.95,Tarjeta Crédito
TXN-01358,CLI-0098,PRD-006,2024-05-03,1.0,249.99,Tarjeta Débito
TXN-01159,CLI-0009,PRD-016,2024-05-03,2.0,599.98,Tarjeta Débito
TXN-00197,CLI-0137,PRD-014,2024-05-03,1.0,34.99,Tarjeta Crédito
TXN-00338,CLI-0063,PRD-019,2024-05-03,1.0,109.99,Tarjeta Débito
TXN-00052,CLI-0051,PRD-014,2024-05-03,1.0,34.99,PayPal
TXN-02802,CLI-0127,PRD-001,2024-05-03,1.0,1299.99,Transferencia
TXN-00030,CLI-0113,PRD-004,2024-05-03,3.0,269.97,Transferencia
TXN-00425,CLI-0085,PRD-014,2024-05-03,1.0,34.99,PayPal
TXN-02342,CLI-0116,PRD-010,2024-05-04,2.0,69.98,Transferencia
TXN-00858,CLI-0183,PRD-007,2024-05-04,4.0,239.96,Tarjeta Débito
TXN-02507,CLI-0114,PRD-009,2024-05-04,1.0,74.99,PayPal
TXN-01460,CLI-0180,PRD-001,2024-05-04,4.0,5199.96,Tarjeta Crédito
TXN-01434,CLI-0057,PRD-009,2024-05-04,2.0,149.98,Tarjeta Crédito
TXN-00622,CLI-0099,PRD-015,2024-05-04,1.0,399.99,Tarjeta Débito
TXN-02033,CLI-0140,PRD-017,2024-05-04,1.0,549.99,Tarjeta Crédito
TXN-02139,CLI-0094,PRD-001,2024-05-05,5.0,6499.95,Tarjeta Crédito
TXN-01487,CLI-0112,PRD-018,2024-05-05,2.0,29.98,Tarjeta Débito
TXN-01831,CLI-0063,PRD-006,2024-05-05,5.0,1249.95,Tarjeta Crédito
TXN-00680,CLI-0126,PRD-008,2024-05-05,1.0,39.99,Tarjeta Crédito
TXN-02231,CLI-0180,PRD-008,2024-05-05,2.0,79.98,Tarjeta Crédito
TXN-02067,CLI-0031,PRD-003,2024-05-05,2.0,59.98,Tarjeta Crédito
TXN-01003,CLI-0150,PRD-004,2024-05-06,3.0,269.97,Transferencia
TXN-02595,CLI-0049,PRD-007,2024-05-06,5.0,299.95,Tarjeta Crédito
TXN-00693,CLI-0103,PRD-013,2024-05-06,1.0,44.99,PayPal
TXN-00460,CLI-0091,PRD-011,2024-05-06,5.0,64.95,Tarjeta Crédito
TXN-02734,CLI-0139,PRD-012,2024-05-06,4.0,79.96,PayPal
TXN-01179,CLI-0161,PRD-012,2024-05-06,1.0,19.99,Tarjeta Crédito
TXN-02087,CLI-0151,PRD-006,2024-05-06,2.0,499.98,Transferencia
TXN-02810,CLI-0069,PRD-004,2024-05-06,1.0,89.99,Transferencia
TXN-00757,CLI-0050,PRD-025,2024-05-06,1.0,9.99,Efectivo
TXN-01720,CLI-0034,PRD-022,2024-05-06,1.0,89.99,Efectivo
TXN-01318,CLI-0166,PRD-003,2024-05-06,1.0,29.99,Tarjeta Crédito
TXN-00811,CLI-0085,PRD-002,2024-05-07,3.0,2099.97,Tarjeta Crédito
TXN-02354,CLI-0035,PRD-020,2024-05-07,1.0,15.99,Tarjeta Crédito
TXN-01206,CLI-0025,PRD-014,2024-05-07,2.0,69.98,Tarjeta Crédito
TXN-01445,CLI-0161,PRD-008,2024-05-07,4.0,159.96,Transferencia
TXN-01735,CLI-0149,PRD-004,2024-05-08,3.0,269.97,PayPal
TXN-00660,CLI-0155,PRD-011,2024-05-08,4.0,51.96,PayPal
TXN-01772,CLI-0129,PRD-006,2024-05-08,3.0,749.97,Tarjeta Débito
TXN-00079,CLI-0111,PRD-014,2024-05-08,1.0,34.99,Tarjeta Débito
TXN-01371,CLI-0139,PRD-006,2024-05-08,2.0,499.98,PayPal
TXN-02418,CLI-0181,PRD-007,2024-05-08,2.0,119.98,Tarjeta Crédito
TXN-00015,CLI-0012,PRD-009,2024-05-09,1.0,74.99,Tarjeta Débito
TXN-01815,CLI-0087,PRD-016,2024-05-09,2.0,599.98,Tarjeta Crédito
TXN-01504,CLI-0082,PRD-018,2024-05-09,4.0,59.96,Transferencia
TXN-01311,CLI-0017,PRD-007,2024-05-10,3.0,179.97,Transferencia
TXN-00152,CLI-0004,PRD-006,2024-05-10,1.0,249.99,Transferencia
TXN-01047,CLI-0034,PRD-009,2024-05-10,5.0,374.95,Transferencia
TXN-02345,CLI-0046,PRD-005,2024-05-10,1.0,449.99,PayPal
TXN-00813,CLI-0094,PRD-012,2024-05-10,1.0,19.99,Transferencia
TXN-00962,CLI-0179,PRD-008,2024-05-10,1.0,39.99,Tarjeta Crédito
TXN-02813,CLI-0011,PRD-001,2024-05-10,2.0,2599.98,Tarjeta Crédito
TXN-00415,CLI-0016,PRD-012,2024-05-10,4.0,79.96,Tarjeta Débito
TXN-01331,CLI-0034,PRD-003,2024-05-11,5.0,149.95,PayPal
TXN-00795,CLI-0084,PRD-003,2024-05-11,3.0,89.97,Tarjeta Crédito
TXN-01056,CLI-0031,PRD-006,2024-05-11,2.0,499.98,Tarjeta Crédito
TXN-02009,CLI-0068,PRD-013,2024-05-11,4.0,179.96,Tarjeta Crédito
TXN-02009,CLI-0094,PRD-002,2024-05-12,2.0,1399.98,Efectivo
TXN-02921,CLI-0021,PRD-003,2024-05-12,4.0,119.96,Efectivo
TXN-00448,CLI-0088,PRD-015,2024-05-12,1.0,399.99,Tarjeta Crédito
TXN-01999,CLI-0003,PRD-004,2024-05-12,4.0,359.96,Transferencia
TXN-01620,CLI-0163,PRD-007,2024-05-12,1.0,59.99,Tarjeta Crédito
TXN-01222,CLI-0090,PRD-007,2024-05-13,3.0,179.97,PayPal
TXN-01324,CLI-0014,PRD-010,2024-05-13,1.0,34.99,Transferencia
TXN-02585,CLI-0003,PRD-007,2024-05-13,2.0,119.98,Tarjeta Crédito
TXN-02383,CLI-0101,PRD-006,2024-05-14,4.0,999.96,PayPal
TXN-01975,CLI-0074,PRD-010,2024-05-14,3.0,104.97,Tarjeta Débito
TXN-01929,CLI-0166,PRD-002,2024-05-14,5.0,3499.95,Tarjeta Crédito
TXN-00627,CLI-0192,PRD-010,2024-05-14,5.0,174.95,Tarjeta Crédito
TXN-00998,CLI-0178,PRD-005,2024-05-14,1.0,449.99,Tarjeta Crédito
TXN-02204,CLI-0002,PRD-011,2024-05-14,1.0,12.99,Tarjeta Crédito
TXN-00476,CLI-0092,PRD-002,2024-05-14,3.0,2099.97,Tarjeta Débito
TXN-01068,CLI-0071,PRD-005,2024-05-14,1.0,449.99,Tarjeta Crédito
TXN-01717,CLI-0172,PRD-012,2024-05-14,1.0,19.99,Tarjeta Débito
TXN-02819,CLI-0161,PRD-003,2024-05-14,1.0,29.99,Tarjeta Crédito
TXN-00736,CLI-0190,PRD-003,2024-05-14,4.0,119.96,Tarjeta Crédito
TXN-00991,CLI-0078,PRD-015,2024-05-15,2.0,799.98,Tarjeta Crédito
TXN-00247,CLI-0009,PRD-013,2024-05-15,1.0,44.99,Transferencia
TXN-00023,CLI-0098,PRD-018,2024-05-15,4.0,59.96,Tarjeta Crédito
TXN-00350,CLI-0154,PRD-002,2024-05-15,2.0,1399.98,Tarjeta Crédito
TXN-02400,CLI-0035,PRD-010,2024-05-15,5.0,174.95,Transferencia
TXN-01610,CLI-0025,PRD-006,2024-05-15,1.0,249.99,Tarjeta Crédito
TXN-01727,CLI-0197,PRD-008,2024-05-15,2.0,79.98,Transferencia
TXN-02341,CLI-0117,PRD-002,2024-05-15,,699.99,Transferencia
TXN-01158,CLI-0108,PRD-021,2024-05-15,4.0,99.96,Efectivo
TXN-02110,CLI-0064,PRD-024,2024-05-16,2.0,59.98,Tarjeta Crédito
TXN-02376,CLI-0059,PRD-010,2024-05-16,3.0,104.97,Transferencia
TXN-00919,CLI-0175,PRD-004,2024-05-16,2.0,179.98,Tarjeta Débito
TXN-02611,CLI-0114,PRD-014,2024-05-16,2.0,69.98,PayPal
TXN-02574,CLI-0056,PRD-003,2024-05-16,2.0,59.98,Tarjeta Crédito
TXN-00179,CLI-0070,PRD-010,2024-05-16,2.0,69.98,Tarjeta Débito
TXN-02152,CLI-0143,PRD-004,2024-05-16,1.0,89.99,PayPal
TXN-00117,CLI-0050,PRD-010,2024-05-17,1.0,34.99,Tarjeta Débito
TXN-01857,CLI-0170,PRD-025,2024-05-17,5.0,49.95,Transferencia
TXN-01115,CLI-0097,PRD-003,2024-05-17,1.0,29.99,Transferencia
TXN-01684,CLI-0124,PRD-006,2024-05-17,2.0,499.98,Tarjeta Crédito
TXN-00963,CLI-0129,PRD-012,2024-05-17,1.0,19.99,Tarjeta Crédito
TXN-00085,CLI-0097,PRD-001,2024-05-17,2.0,2599.98,Tarjeta Débito
TXN-01186,CLI-0049,PRD-021,2024-05-17,2.0,49.98,Transferencia
TXN-01034,CLI-0097,PRD-001,2024-05-17,1.0,1299.99,Tarjeta Crédito
TXN-02949,CLI-0034,PRD-021,2024-05-17,1.0,24.99,Tarjeta Crédito
TXN-01148,CLI-0014,PRD-003,2024-05-17,5.0,149.95,PayPal
TXN-01908,CLI-0187,PRD-013,2024-05-17,1.0,44.99,Tarjeta Crédito
TXN-02883,CLI-0016,PRD-011,2024-05-17,1.0,12.99,Tarjeta Débito
TXN-00189,CLI-0030,PRD-006,2024-05-17,5.0,1249.95,Tarjeta Débito
TXN-02889,CLI-0174,PRD-008,2024-05-17,4.0,159.96,Efectivo
TXN-00913,CLI-0072,PRD-014,2024-05-18,1.0,34.99,Tarjeta Débito
TXN-00407,CLI-0168,PRD-005,2024-05-18,3.0,1349.97,Transferencia
TXN-00590,CLI-0037,PRD-018,2024-05-18,1.0,14.99,PayPal
TXN-00898,CLI-0029,PRD-018,2024-05-18,4.0,59.96,Tarjeta Débito
TXN-01239,CLI-0140,PRD-003,2024-05-18,2.0,59.98,Tarjeta Crédito
TXN-00323,CLI-0023,PRD-011,2024-05-19,1.0,12.99,Tarjeta Débito
TXN-01776,CLI-0092,PRD-008,2024-05-19,3.0,119.97,PayPal
TXN-01509,CLI-0026,PRD-011,2024-05-19,2.0,25.98,Efectivo
TXN-01790,CLI-0198,PRD-018,2024-05-19,5.0,74.95,Efectivo
TXN-02272,CLI-0080,PRD-011,2024-05-19,1.0,12.99,Tarjeta Crédito
TXN-00538,CLI-0031,PRD-007,2024-05-19,5.0,299.95,Tarjeta Débito
TXN-00613,CLI-0153,PRD-003,2024-05-19,2.0,59.98,PayPal
TXN-02943,CLI-0182,PRD-007,2024-05-20,1.0,59.99,Transferencia
TXN-00684,CLI-0166,PRD-007,2024-05-20,4.0,239.96,Tarjeta Crédito
TXN-01617,CLI-0053,PRD-003,2024-05-20,5.0,149.95,Transferencia
TXN-00823,CLI-0165,PRD-019,2024-05-20,1.0,109.99,Transferencia
TXN-02658,CLI-0022,PRD-007,2024-05-20,2.0,119.98,Tarjeta Crédito
TXN-01470,CLI-0089,PRD-022,2024-05-20,1.0,89.99,Tarjeta Crédito
TXN-00896,CLI-0114,PRD-008,2024-05-20,5.0,199.95,Tarjeta Débito
TXN-02651,CLI-0133,PRD-004,2024-05-20,1.0,89.99,Efectivo
TXN-02811,CLI-0137,PRD-001,2024-05-21,3.0,3899.97,Transferencia
TXN-01518,CLI-0141,PRD-023,2024-05-21,,699.98,PayPal
TXN-01211,CLI-0200,PRD-016,2024-05-21,2.0,599.98,Transferencia
TXN-02684,CLI-0155,PRD-008,2024-05-21,1.0,39.99,PayPal
TXN-01342,CLI-0103,PRD-015,2024-05-21,1.0,399.99,Tarjeta Crédito
TXN-02434,CLI-0103,PRD-003,2024-05-21,4.0,119.96,Tarjeta Crédito
TXN-00059,CLI-0013,PRD-009,2024-05-22,2.0,149.98,PayPal
TXN-01474,CLI-0094,PRD-007,2024-05-22,3.0,179.97,Efectivo
TXN-02940,CLI-0161,PRD-003,2024-05-22,3.0,89.97,Tarjeta Crédito
TXN-00087,CLI-0014,PRD-002,2024-05-22,3.0,2099.97,PayPal
TXN-01686,CLI-0076,PRD-019,2024-05-22,5.0,549.95,Transferencia
TXN-00997,CLI-0010,PRD-012,2024-05-22,2.0,39.98,Transferencia
TXN-01891,CLI-0146,PRD-020,2024-05-22,2.0,31.98,Transferencia
TXN-02974,CLI-0041,PRD-018,2024-05-22,2.0,29.98,Transferencia
TXN-01275,CLI-0192,PRD-003,2024-05-22,1.0,29.99,Tarjeta Crédito
TXN-01568,CLI-0182,PRD-007,2024-05-22,5.0,299.95,Tarjeta Crédito
TXN-01821,CLI-0191,PRD-024,2024-05-23,1.0,29.99,Efectivo
TXN-01063,CLI-0014,PRD-008,2024-05-23,1.0,39.99,Tarjeta Crédito
TXN-02860,CLI-0140,PRD-004,2024-05-23,3.0,269.97,Tarjeta Crédito
TXN-00779,CLI-0082,PRD-001,2024-05-23,2.0,2599.98,Tarjeta Débito
TXN-00979,CLI-0121,PRD-001,2024-05-23,1.0,1299.99,Tarjeta Débito
TXN-01725,CLI-0042,PRD-021,2024-05-23,5.0,124.95,Tarjeta Crédito
TXN-00911,CLI-0155,PRD-003,2024-05-23,2.0,59.98,Efectivo
TXN-01269,CLI-0078,PRD-013,2024-05-23,5.0,224.95,Transferencia
TXN-00777,CLI-0093,PRD-009,2024-05-23,2.0,149.98,Transferencia
TXN-02036,CLI-0103,PRD-011,2024-05-23,5.0,64.95,PayPal
TXN-01913,CLI-0082,PRD-010,2024-05-23,3.0,104.97,Tarjeta Débito
TXN-00361,CLI-0118,PRD-020,2024-05-23,2.0,31.98,Transferencia
TXN-01199,CLI-0144,PRD-018,2024-05-23,4.0,59.96,Transferencia
TXN-02128,CLI-0169,PRD-008,2024-05-24,4.0,159.96,Tarjeta Crédito
TXN-02387,CLI-0127,PRD-001,2024-05-24,2.0,2599.98,Tarjeta Crédito
TXN-01171,CLI-0177,PRD-003,2024-05-24,5.0,149.95,Efectivo
TXN-02100,CLI-0052,PRD-001,2024-05-24,4.0,5199.96,Tarjeta Crédito
TXN-00634,CLI-0144,PRD-012,2024-05-24,3.0,59.97,Tarjeta Crédito
TXN-02664,CLI-0097,PRD-011,2024-05-24,1.0,12.99,Tarjeta Crédito
TXN-02237,CLI-0149,PRD-006,2024-05-24,4.0,999.96,Efectivo
TXN-00682,CLI-0131,PRD-011,2024-05-24,3.0,38.97,PayPal
TXN-00880,CLI-0182,PRD-009,2024-05-24,5.0,374.95,Tarjeta Débito
TXN-02089,CLI-0070,PRD-001,2024-05-24,5.0,6499.95,Transferencia
TXN-00377,CLI-0026,PRD-010,2024-05-24,1.0,34.99,Tarjeta Crédito
TXN-01866,CLI-0079,PRD-013,2024-05-24,1.0,44.99,Tarjeta Crédito
TXN-01189,CLI-0099,PRD-007,2024-05-24,1.0,59.99,Tarjeta Débito
TXN-01104,CLI-0101,PRD-006,2024-05-24,1.0,249.99,Tarjeta Crédito
TXN-00597,CLI-0060,PRD-011,2024-05-24,1.0,12.99,Transferencia
TXN-02747,CLI-0130,PRD-025,2024-05-24,3.0,29.97,Tarjeta Crédito
TXN-00787,CLI-0091,PRD-018,2024-05-24,3.0,44.97,Tarjeta Débito
TXN-02327,CLI-0066,PRD-001,2024-05-24,2.0,2599.98,Tarjeta Crédito
TXN-01877,CLI-0148,PRD-001,2024-05-24,3.0,3899.97,Tarjeta Crédito
TXN-01467,CLI-0175,PRD-005,2024-05-24,2.0,899.98,Tarjeta Débito
TXN-00799,CLI-0035,PRD-009,2024-05-25,1.0,74.99,PayPal
TXN-02123,CLI-0098,PRD-007,2024-05-25,1.0,59.99,Tarjeta Crédito
TXN-01550,CLI-0144,PRD-001,2024-05-25,1.0,1299.99,Tarjeta Débito
TXN-01817,CLI-0066,PRD-008,2024-05-26,1.0,39.99,Transferencia
TXN-02246,CLI-0174,PRD-014,2024-05-26,3.0,104.97,Tarjeta Crédito
TXN-01048,CLI-0097,PRD-002,2024-05-26,1.0,699.99,Tarjeta Crédito
TXN-01582,CLI-0042,PRD-010,2024-05-26,1.0,34.99,Transferencia
TXN-00054,CLI-0165,PRD-013,2024-05-26,5.0,224.95,Transferencia
TXN-00380,CLI-0045,PRD-011,2024-05-26,3.0,38.97,Transferencia
TXN-00164,CLI-0066,PRD-020,2024-05-26,1.0,15.99,Tarjeta Crédito
TXN-02823,CLI-0165,PRD-009,2024-05-26,2.0,149.98,Transferencia
TXN-00431,CLI-0064,PRD-003,2024-05-26,4.0,119.96,Tarjeta Crédito
TXN-00793,CLI-0094,PRD-015,2024-05-27,1.0,399.99,Tarjeta Débito
TXN-01215,CLI-0144,PRD-024,2024-05-27,5.0,149.95,Tarjeta Crédito
TXN-00330,CLI-0190,PRD-014,2024-05-27,1.0,34.99,Tarjeta Crédito
TXN-01155,CLI-0120,PRD-004,2024-05-27,2.0,179.98,PayPal
TXN-01241,CLI-0161,PRD-018,2024-05-27,1.0,14.99,Tarjeta Débito
TXN-01994,CLI-0021,PRD-006,2024-05-28,1.0,249.99,Tarjeta Débito
TXN-01375,CLI-0112,PRD-019,2024-05-28,1.0,109.99,Tarjeta Débito
TXN-02607,CLI-0044,PRD-013,2024-05-28,1.0,44.99,Transferencia
TXN-02997,CLI-0182,PRD-018,2024-05-28,5.0,74.95,Tarjeta Débito
TXN-02328,CLI-0058,PRD-019,2024-05-28,1.0,109.99,Tarjeta Crédito
TXN-00337,CLI-0188,PRD-022,2024-05-28,1.0,89.99,PayPal
TXN-01805,CLI-0180,PRD-006,2024-05-29,1.0,249.99,Tarjeta Crédito
TXN-01472,CLI-0042,PRD-014,2024-05-29,4.0,139.96,Tarjeta Crédito
TXN-00275,CLI-0077,PRD-014,2024-05-29,1.0,34.99,Tarjeta Crédito
TXN-01469,CLI-0040,PRD-003,2024-05-29,2.0,59.98,Efectivo
TXN-01379,CLI-0014,PRD-003,2024-05-29,2.0,59.98,Transferencia
TXN-01562,CLI-0101,PRD-006,2024-05-30,4.0,999.96,Tarjeta Crédito
TXN-01896,CLI-0018,PRD-004,2024-05-30,2.0,179.98,Transferencia
TXN-02757,CLI-0174,PRD-011,2024-05-30,1.0,12.99,Transferencia
TXN-01374,CLI-0010,PRD-013,2024-05-30,5.0,224.95,Tarjeta Débito
TXN-02969,CLI-0021,PRD-019,2024-05-30,2.0,219.98,Tarjeta Débito
TXN-02971,CLI-0171,PRD-009,2024-05-30,2.0,149.98,Transferencia
TXN-01707,CLI-0045,PRD-009,2024-05-30,5.0,374.95,Tarjeta Débito
TXN-00715,CLI-0001,PRD-002,2024-05-30,1.0,699.99,Transferencia
TXN-01505,CLI-0077,PRD-018,2024-05-31,3.0,44.97,Tarjeta Crédito
TXN-02251,CLI-0117,PRD-018,2024-05-31,1.0,14.99,Transferencia
TXN-02196,CLI-0195,PRD-022,2024-05-31,1.0,89.99,Tarjeta Crédito
TXN-02335,CLI-0103,PRD-004,2024-05-31,2.0,179.98,Tarjeta Débito
TXN-01835,CLI-0017,PRD-003,2024-05-31,3.0,89.97,Tarjeta Débito
TXN-01627,CLI-0173,PRD-014,2024-05-31,1.0,34.99,Tarjeta Crédito
TXN-00454,CLI-0135,PRD-001,2024-05-31,3.0,3899.97,Tarjeta Débito
TXN-00544,CLI-0125,PRD-009,2024-05-31,2.0,149.98,Transferencia
TXN-02586,CLI-0026,PRD-012,2024-05-31,2.0,39.98,Tarjeta Débito
TXN-01945,CLI-0140,PRD-018,2024-06-01,2.0,29.98,Transferencia
TXN-02492,CLI-0143,PRD-011,2024-06-01,1.0,12.99,PayPal
TXN-01198,CLI-0100,PRD-023,2024-06-01,1.0,349.99,Efectivo
TXN-02088,CLI-0091,PRD-006,2024-06-02,3.0,749.97,Tarjeta Crédito
TXN-01312,CLI-0154,PRD-009,2024-06-02,1.0,74.99,PayPal
TXN-02907,CLI-0007,PRD-003,2024-06-02,2.0,59.98,Transferencia
TXN-01811,CLI-0112,PRD-014,2024-06-02,3.0,104.97,Tarjeta Crédito
TXN-01554,CLI-0080,PRD-018,2024-06-02,1.0,14.99,Tarjeta Crédito
TXN-01656,CLI-0068,PRD-023,2024-06-03,4.0,1399.96,Tarjeta Débito
TXN-01947,CLI-0146,PRD-008,2024-06-03,1.0,39.99,Tarjeta Débito
TXN-00017,CLI-0011,PRD-001,2024-06-03,2.0,2599.98,PayPal
TXN-02514,CLI-0186,PRD-007,2024-06-03,3.0,179.97,Transferencia
TXN-00039,CLI-0120,PRD-010,2024-06-03,2.0,69.98,Tarjeta Crédito
TXN-00433,CLI-0171,PRD-004,2024-06-03,5.0,449.95,Tarjeta Crédito
TXN-02976,CLI-0027,PRD-010,2024-06-03,4.0,139.96,Tarjeta Crédito
TXN-01538,CLI-0065,PRD-010,2024-06-04,2.0,69.98,Transferencia
TXN-01520,CLI-0074,PRD-013,2024-06-04,1.0,44.99,Tarjeta Crédito
TXN-01600,CLI-0083,PRD-003,2024-06-04,4.0,119.96,Tarjeta Débito
TXN-01733,CLI-0128,PRD-010,2024-06-04,1.0,34.99,Tarjeta Crédito
TXN-02589,CLI-0152,PRD-010,2024-06-04,1.0,34.99,Tarjeta Débito
TXN-00936,CLI-0031,PRD-025,2024-06-04,1.0,9.99,Transferencia
TXN-00148,CLI-0099,PRD-003,2024-06-04,1.0,29.99,Tarjeta Débito
TXN-02111,CLI-0138,PRD-021,2024-06-04,3.0,74.97,Transferencia
TXN-01118,CLI-0130,PRD-001,2024-06-04,2.0,2599.98,Transferencia
TXN-02646,CLI-0135,PRD-016,2024-06-04,1.0,299.99,Transferencia
TXN-01870,CLI-0156,PRD-002,2024-06-04,1.0,699.99,Tarjeta Crédito
TXN-02271,CLI-0029,PRD-013,2024-06-04,2.0,89.98,Tarjeta Débito
TXN-02256,CLI-0115,PRD-020,2024-06-04,2.0,31.98,Tarjeta Crédito
TXN-01814,CLI-0117,PRD-011,2024-06-04,2.0,25.98,Tarjeta Crédito
TXN-00048,CLI-0102,PRD-025,2024-06-05,2.0,19.98,Efectivo
TXN-02114,CLI-0123,PRD-007,2024-06-05,1.0,59.99,PayPal
TXN-02901,CLI-0069,PRD-004,2024-06-05,1.0,89.99,Tarjeta Débito
TXN-00596,CLI-0056,PRD-007,2024-06-05,5.0,299.95,Transferencia
TXN-00382,CLI-0193,PRD-007,2024-06-05,1.0,59.99,Tarjeta Crédito
TXN-00539,CLI-0010,PRD-013,2024-06-05,4.0,179.96,Transferencia
TXN-02637,CLI-0157,PRD-003,2024-06-05,3.0,89.97,Tarjeta Débito
TXN-02694,CLI-0006,PRD-006,2024-06-05,1.0,249.99,Transferencia
TXN-00750,CLI-0082,PRD-008,2024-06-05,5.0,199.95,Tarjeta Crédito
TXN-00855,CLI-0028,PRD-012,2024-06-06,1.0,19.99,Tarjeta Débito
TXN-01963,CLI-0126,PRD-021,2024-06-06,5.0,124.95,Transferencia
TXN-02171,CLI-0097,PRD-009,2024-06-06,4.0,299.96,Transferencia
TXN-02234,CLI-0013,PRD-007,2024-06-06,1.0,59.99,Tarjeta Débito
TXN-02230,CLI-0003,PRD-003,2024-06-06,3.0,89.97,Efectivo
TXN-00785,CLI-0014,PRD-021,2024-06-06,2.0,49.98,Tarjeta Crédito
TXN-02208,CLI-0159,PRD-017,2024-06-06,1.0,549.99,Tarjeta Débito
TXN-00856,CLI-0106,PRD-007,2024-06-06,1.0,59.99,Tarjeta Crédito
TXN-01343,CLI-0004,PRD-022,2024-06-06,2.0,179.98,Transferencia
TXN-01992,CLI-0069,PRD-010,2024-06-06,1.0,34.99,Tarjeta Crédito
TXN-00559,CLI-0052,PRD-010,2024-06-07,1.0,34.99,Tarjeta Crédito
TXN-00565,CLI-0111,PRD-002,2024-06-07,4.0,2799.96,Tarjeta Débito
TXN-02502,CLI-0177,PRD-018,2024-06-07,1.0,14.99,Transferencia
TXN-02754,CLI-0100,PRD-008,2024-06-07,1.0,39.99,Tarjeta Crédito
TXN-01956,CLI-0041,PRD-003,2024-06-07,1.0,29.99,Tarjeta Débito
TXN-01044,CLI-0067,PRD-011,2024-06-07,2.0,25.98,Tarjeta Crédito
TXN-02112,CLI-0079,PRD-020,2024-06-07,5.0,79.95,Tarjeta Débito
TXN-01187,CLI-0055,PRD-021,2024-06-07,1.0,24.99,Transferencia
TXN-02778,CLI-0195,PRD-003,2024-06-07,1.0,29.99,Efectivo
TXN-02061,CLI-0138,PRD-009,2024-06-07,5.0,374.95,PayPal
TXN-02121,CLI-0102,PRD-003,2024-06-07,1.0,29.99,Tarjeta Crédito
TXN-02188,CLI-0035,PRD-020,2024-06-07,1.0,15.99,Transferencia
TXN-02782,CLI-0065,PRD-020,2024-06-07,2.0,31.98,Tarjeta Crédito
TXN-02166,CLI-0003,PRD-011,2024-06-07,5.0,64.95,Tarjeta Crédito
TXN-01836,CLI-0069,PRD-007,2024-06-07,3.0,179.97,Tarjeta Débito
TXN-00282,CLI-0084,PRD-012,2024-06-08,1.0,19.99,Tarjeta Débito
TXN-00931,CLI-0157,PRD-004,2024-06-08,1.0,89.99,Tarjeta Crédito
TXN-01914,CLI-0133,PRD-007,2024-06-08,1.0,59.99,Efectivo
TXN-02653,CLI-0117,PRD-018,2024-06-08,4.0,59.96,PayPal
TXN-01018,CLI-0135,PRD-014,2024-06-08,1.0,34.99,Transferencia
TXN-00071,CLI-0110,PRD-005,2024-06-09,,1799.96,Transferencia
TXN-02144,CLI-0007,PRD-013,2024-06-09,3.0,134.97,Tarjeta Débito
TXN-02261,CLI-0008,PRD-007,2024-06-09,5.0,299.95,Efectivo
TXN-01321,CLI-0125,PRD-003,2024-06-10,1.0,29.99,Tarjeta Crédito
TXN-01872,CLI-0188,PRD-001,2024-06-10,1.0,1299.99,PayPal
TXN-00300,CLI-0071,PRD-010,2024-06-10,2.0,69.98,Transferencia
TXN-01461,CLI-0177,PRD-012,2024-06-10,2.0,39.98,Tarjeta Crédito
TXN-01768,CLI-0010,PRD-006,2024-06-10,5.0,1249.95,Transferencia
TXN-00571,CLI-0109,PRD-019,2024-06-10,5.0,549.95,Tarjeta Crédito
TXN-01406,CLI-0051,PRD-004,2024-06-10,2.0,179.98,PayPal
TXN-01058,CLI-0043,PRD-005,2024-06-10,1.0,449.99,PayPal
TXN-02902,CLI-0169,PRD-013,2024-06-11,3.0,134.97,Tarjeta Crédito
TXN-00508,CLI-0177,PRD-016,2024-06-11,1.0,299.99,PayPal
TXN-00483,CLI-0041,PRD-009,2024-06-11,1.0,74.99,Tarjeta Débito
TXN-00709,CLI-0035,PRD-003,2024-06-11,1.0,29.99,PayPal
TXN-00976,CLI-0192,PRD-021,2024-06-11,5.0,124.95,Efectivo
TXN-00893,CLI-0068,PRD-003,2024-06-11,1.0,29.99,Tarjeta Crédito
TXN-00869,CLI-0184,PRD-003,2024-06-11,1.0,29.99,Tarjeta Débito
TXN-00170,CLI-0181,PRD-013,2024-06-11,1.0,44.99,Tarjeta Débito
TXN-01320,CLI-0106,PRD-008,2024-06-12,4.0,159.96,Transferencia
TXN-01077,CLI-0191,PRD-008,2024-06-12,1.0,39.99,Tarjeta Débito
TXN-02536,CLI-0126,PRD-021,2024-06-12,2.0,49.98,Tarjeta Débito
TXN-00984,CLI-0181,PRD-001,2024-06-12,1.0,1299.99,Tarjeta Débito
TXN-01547,CLI-0168,PRD-009,2024-06-13,2.0,149.98,Transferencia
TXN-02832,CLI-0027,PRD-003,2024-06-13,2.0,59.98,Tarjeta Crédito
TXN-01233,CLI-0154,PRD-002,2024-06-13,4.0,2799.96,PayPal
TXN-01585,CLI-0181,PRD-005,2024-06-13,1.0,449.99,Efectivo
TXN-00379,CLI-0118,PRD-014,2024-06-13,2.0,69.98,Tarjeta Crédito
TXN-02510,CLI-0064,PRD-006,2024-06-13,3.0,749.97,Tarjeta Crédito
TXN-01666,CLI-0043,PRD-016,2024-06-13,4.0,1199.96,Tarjeta Crédito
TXN-00527,CLI-0089,PRD-007,2024-06-13,2.0,119.98,PayPal
TXN-00412,CLI-0087,PRD-001,2024-06-13,2.0,2599.98,Tarjeta Débito
TXN-02229,CLI-0165,PRD-003,2024-06-13,2.0,59.98,Tarjeta Crédito
TXN-00277,CLI-0147,PRD-021,2024-06-14,2.0,49.98,Tarjeta Débito
TXN-02055,CLI-0005,PRD-009,2024-06-14,1.0,74.99,PayPal
TXN-01277,CLI-0022,PRD-004,2024-06-14,4.0,359.96,Tarjeta Crédito
TXN-00389,CLI-0082,PRD-005,2024-06-14,2.0,899.98,PayPal
TXN-00608,CLI-0031,PRD-004,2024-06-14,3.0,269.97,PayPal
TXN-01584,CLI-0068,PRD-009,2024-06-14,2.0,149.98,PayPal
TXN-01812,CLI-0198,PRD-008,2024-06-14,1.0,39.99,Tarjeta Débito
TXN-01916,CLI-0158,PRD-018,2024-06-14,1.0,14.99,Tarjeta Crédito
TXN-02793,CLI-0027,PRD-006,2024-06-14,3.0,749.97,Efectivo
TXN-00352,CLI-0006,PRD-001,2024-06-14,5.0,6499.95,Tarjeta Crédito
TXN-00796,CLI-0085,PRD-003,2024-06-14,2.0,59.98,Transferencia
TXN-01983,CLI-0013,PRD-020,2024-06-14,2.0,31.98,PayPal
TXN-01234,CLI-0002,PRD-025,2024-06-14,2.0,19.98,Transferencia
TXN-02820,CLI-0167,PRD-019,2024-06-15,1.0,109.99,Tarjeta Crédito
TXN-02566,CLI-0096,PRD-003,2024-06-15,2.0,59.98,PayPal
TXN-00723,CLI-0117,PRD-015,2024-06-15,2.0,799.98,Tarjeta Crédito
TXN-00421,CLI-0072,PRD-008,2024-06-15,5.0,199.95,Transferencia
TXN-00803,CLI-0128,PRD-016,2024-06-15,3.0,899.97,Tarjeta Crédito
TXN-02686,CLI-0072,PRD-003,2024-06-16,5.0,149.95,Tarjeta Crédito
TXN-02040,CLI-0057,PRD-007,2024-06-17,1.0,59.99,Efectivo
TXN-02413,CLI-0022,PRD-002,2024-06-17,4.0,2799.96,Tarjeta Crédito
TXN-01338,CLI-0190,PRD-001,2024-06-17,1.0,1299.99,PayPal
TXN-02775,CLI-0115,PRD-003,2024-06-17,2.0,59.98,PayPal
TXN-02332,CLI-0150,PRD-005,2024-06-17,1.0,449.99,Tarjeta Débito
TXN-00047,CLI-0154,PRD-007,2024-06-17,3.0,179.97,Tarjeta Débito
TXN-02964,CLI-0016,PRD-003,2024-06-17,1.0,29.99,PayPal
TXN-00072,CLI-0122,PRD-007,2024-06-17,1.0,59.99,Tarjeta Crédito
TXN-02480,CLI-0137,PRD-003,2024-06-17,3.0,89.97,Tarjeta Crédito
TXN-00701,CLI-0137,PRD-011,2024-06-17,3.0,38.97,Tarjeta Crédito
TXN-02401,CLI-0112,PRD-011,2024-06-17,4.0,51.96,Transferencia
TXN-01083,CLI-0032,PRD-009,2024-06-17,,74.99,Tarjeta Crédito
TXN-00374,CLI-0147,PRD-012,2024-06-17,1.0,19.99,Tarjeta Crédito
TXN-01127,CLI-0050,PRD-010,2024-06-17,1.0,34.99,Tarjeta Débito
TXN-00114,CLI-0185,PRD-003,2024-06-18,1.0,29.99,Tarjeta Crédito
TXN-02539,CLI-0114,PRD-007,2024-06-18,4.0,239.96,Tarjeta Débito
TXN-01889,CLI-0124,PRD-003,2024-06-18,3.0,89.97,Tarjeta Crédito
TXN-01904,CLI-0071,PRD-007,2024-06-18,2.0,119.98,Efectivo
TXN-01937,CLI-0140,PRD-018,2024-06-18,4.0,59.96,PayPal
TXN-02988,CLI-0055,PRD-002,2024-06-18,1.0,699.99,Tarjeta Crédito
TXN-02893,CLI-0137,PRD-011,2024-06-18,1.0,12.99,PayPal
TXN-02305,CLI-0027,PRD-019,2024-06-18,1.0,109.99,PayPal
TXN-00285,CLI-0179,PRD-009,2024-06-18,2.0,149.98,Transferencia
TXN-02588,CLI-0126,PRD-011,2024-06-18,1.0,12.99,Efectivo
TXN-01177,CLI-0019,PRD-016,2024-06-18,5.0,1499.95,Tarjeta Crédito
TXN-00418,CLI-0188,PRD-010,2024-06-18,5.0,174.95,Tarjeta Crédito
TXN-02073,CLI-0191,PRD-012,2024-06-18,3.0,59.97,PayPal
TXN-00506,CLI-0153,PRD-018,2024-06-18,2.0,29.98,Transferencia
TXN-02739,CLI-0129,PRD-007,2024-06-19,3.0,179.97,Tarjeta Crédito
TXN-01619,CLI-0171,PRD-002,2024-06-19,4.0,2799.96,Tarjeta Crédito
TXN-01473,CLI-0147,PRD-006,2024-06-19,1.0,249.99,Tarjeta Débito
TXN-02233,CLI-0095,PRD-010,2024-06-19,2.0,69.98,Tarjeta Débito
TXN-02179,CLI-0066,PRD-003,2024-06-19,2.0,59.98,Tarjeta Crédito
TXN-00906,CLI-0184,PRD-018,2024-06-19,1.0,14.99,Efectivo
TXN-01372,CLI-0124,PRD-001,2024-06-19,1.0,1299.99,Tarjeta Débito
TXN-01188,CLI-0154,PRD-010,2024-06-20,1.0,34.99,Tarjeta Crédito
TXN-00720,CLI-0123,PRD-018,2024-06-20,2.0,29.98,PayPal
TXN-01284,CLI-0071,PRD-011,2024-06-20,1.0,12.99,PayPal
TXN-00027,CLI-0134,PRD-003,2024-06-20,1.0,29.99,Tarjeta Crédito
TXN-02253,CLI-0064,PRD-016,2024-06-20,1.0,299.99,Tarjeta Crédito
TXN-02288,CLI-0159,PRD-008,2024-06-20,4.0,159.96,Tarjeta Crédito
TXN-00967,CLI-0123,PRD-004,2024-06-20,1.0,89.99,Tarjeta Crédito
TXN-01210,CLI-0186,PRD-008,2024-06-20,3.0,119.97,Tarjeta Crédito
TXN-02530,CLI-0069,PRD-004,2024-06-21,1.0,89.99,Tarjeta Débito
TXN-00086,CLI-0164,PRD-007,2024-06-21,5.0,299.95,Tarjeta Crédito
TXN-02609,CLI-0181,PRD-012,2024-06-21,1.0,19.99,Tarjeta Crédito
TXN-01765,CLI-0036,PRD-003,2024-06-21,1.0,29.99,Tarjeta Crédito
TXN-00636,CLI-0105,PRD-003,2024-06-21,2.0,59.98,Tarjeta Débito
TXN-00954,CLI-0114,PRD-008,2024-06-21,1.0,39.99,Tarjeta Débito
TXN-01076,CLI-0115,PRD-012,2024-06-21,1.0,19.99,Tarjeta Crédito
TXN-00098,CLI-0110,PRD-022,2024-06-21,1.0,89.99,Tarjeta Crédito
TXN-01061,CLI-0001,PRD-019,2024-06-21,1.0,109.99,PayPal
TXN-00756,CLI-0015,PRD-014,2024-06-21,2.0,69.98,Transferencia
TXN-00874,CLI-0039,PRD-006,2024-06-21,4.0,999.96,Tarjeta Crédito
TXN-02013,CLI-0155,PRD-009,2024-06-21,1.0,74.99,Transferencia
TXN-02422,CLI-0036,PRD-012,2024-06-21,2.0,39.98,Tarjeta Débito
TXN-00301,CLI-0102,PRD-017,2024-06-21,4.0,2199.96,Tarjeta Débito
TXN-02769,CLI-0064,PRD-012,2024-06-21,5.0,99.95,Tarjeta Débito
TXN-02894,CLI-0128,PRD-003,2024-06-21,3.0,89.97,Tarjeta Crédito
TXN-01932,CLI-0088,PRD-017,2024-06-22,2.0,1099.98,Tarjeta Débito
TXN-02394,CLI-0032,PRD-005,2024-06-22,3.0,1349.97,Efectivo
TXN-02830,CLI-0130,PRD-008,2024-06-22,5.0,199.95,Tarjeta Crédito
TXN-01229,CLI-0063,PRD-011,2024-06-22,3.0,38.97,Tarjeta Crédito
TXN-02199,CLI-0130,PRD-001,2024-06-22,1.0,1299.99,Tarjeta Crédito
TXN-00346,CLI-0137,PRD-011,2024-06-22,2.0,25.98,Tarjeta Débito
TXN-00400,CLI-0126,PRD-011,2024-06-23,4.0,51.96,PayPal
TXN-00780,CLI-0199,PRD-001,2024-06-23,5.0,6499.95,Tarjeta Crédito
TXN-01777,CLI-0127,PRD-004,2024-06-23,4.0,359.96,Transferencia
TXN-01527,CLI-0143,PRD-007,2024-06-24,4.0,239.96,Tarjeta Débito
TXN-00606,CLI-0197,PRD-005,2024-06-24,1.0,449.99,Tarjeta Crédito
TXN-02191,CLI-0103,PRD-016,2024-06-24,2.0,599.98,Tarjeta Crédito
TXN-02774,CLI-0031,PRD-010,2024-06-24,1.0,34.99,Tarjeta Crédito
TXN-00526,CLI-0034,PRD-002,2024-06-24,2.0,1399.98,Transferencia
TXN-01825,CLI-0020,PRD-012,2024-06-24,1.0,19.99,Tarjeta Débito
TXN-00089,CLI-0035,PRD-003,2024-06-25,5.0,149.95,Efectivo
TXN-00206,CLI-0180,PRD-001,2024-06-25,1.0,1299.99,Tarjeta Crédito
TXN-00550,CLI-0009,PRD-004,2024-06-25,1.0,89.99,Tarjeta Crédito
TXN-00853,CLI-0032,PRD-008,2024-06-26,1.0,39.99,Tarjeta Débito
TXN-01611,CLI-0098,PRD-008,2024-06-26,1.0,39.99,Transferencia
TXN-01164,CLI-0090,PRD-015,2024-06-26,2.0,799.98,Tarjeta Débito
TXN-01749,CLI-0062,PRD-003,2024-06-26,1.0,29.99,PayPal
TXN-00143,CLI-0121,PRD-009,2024-06-27,3.0,224.97,Tarjeta Crédito
TXN-01290,CLI-0053,PRD-002,2024-06-27,3.0,2099.97,Tarjeta Débito
TXN-00499,CLI-0192,PRD-008,2024-06-27,1.0,39.99,Efectivo
TXN-01142,CLI-0042,PRD-011,2024-06-27,2.0,25.98,Tarjeta Crédito
TXN-02378,CLI-0003,PRD-003,2024-06-27,1.0,29.99,Tarjeta Crédito
TXN-00292,CLI-0077,PRD-012,2024-06-27,3.0,59.97,PayPal
TXN-02519,CLI-0196,PRD-003,2024-06-28,3.0,89.97,Efectivo
TXN-01887,CLI-0190,PRD-006,2024-06-28,1.0,249.99,PayPal
TXN-00545,CLI-0073,PRD-005,2024-06-28,2.0,899.98,Tarjeta Crédito
TXN-02877,CLI-0159,PRD-013,2024-06-28,2.0,89.98,Tarjeta Débito
TXN-01005,CLI-0105,PRD-009,2024-06-28,4.0,299.96,Transferencia
TXN-01873,CLI-0163,PRD-001,2024-06-28,2.0,2599.98,Transferencia
TXN-01859,CLI-0012,PRD-016,2024-06-28,2.0,599.98,Efectivo
TXN-02729,CLI-0103,PRD-011,2024-06-28,5.0,64.95,Tarjeta Débito
TXN-01344,CLI-0170,PRD-016,2024-06-28,1.0,299.99,Tarjeta Débito
TXN-02432,CLI-0128,PRD-007,2024-06-28,2.0,119.98,Tarjeta Crédito
TXN-01799,CLI-0021,PRD-007,2024-06-28,5.0,299.95,Tarjeta Débito
TXN-02951,CLI-0153,PRD-003,2024-06-28,2.0,59.98,Transferencia
TXN-01010,CLI-0198,PRD-004,2024-06-28,1.0,89.99,PayPal
TXN-00473,CLI-0148,PRD-012,2024-06-29,3.0,59.97,Tarjeta Débito
TXN-00193,CLI-0118,PRD-025,2024-06-29,5.0,49.95,Transferencia
TXN-01144,CLI-0045,PRD-018,2024-06-29,1.0,14.99,Tarjeta Crédito
TXN-00122,CLI-0188,PRD-018,2024-06-29,1.0,14.99,Efectivo
TXN-01680,CLI-0195,PRD-012,2024-06-29,2.0,39.98,Tarjeta Crédito
TXN-01982,CLI-0007,PRD-014,2024-06-29,2.0,69.98,PayPal
TXN-01560,CLI-0140,PRD-014,2024-06-29,1.0,34.99,Tarjeta Débito
TXN-02330,CLI-0087,PRD-014,2024-06-29,4.0,139.96,PayPal
TXN-00029,CLI-0116,PRD-012,2024-06-29,5.0,99.95,Tarjeta Débito
TXN-00827,CLI-0066,PRD-005,2024-06-29,2.0,899.98,Transferencia
TXN-00812,CLI-0167,PRD-021,2024-06-29,1.0,24.99,PayPal
TXN-01613,CLI-0101,PRD-011,2024-06-29,2.0,25.98,PayPal
TXN-02751,CLI-0024,PRD-009,2024-06-30,3.0,224.97,Efectivo
TXN-00910,CLI-0020,PRD-001,2024-06-30,1.0,1299.99,Tarjeta Crédito
TXN-01711,CLI-0100,PRD-011,2024-06-30,1.0,12.99,PayPal
TXN-02022,CLI-0066,PRD-024,2024-06-30,4.0,119.96,Transferencia
TXN-00406,CLI-0127,PRD-010,2024-06-30,2.0,69.98,PayPal
TXN-00313,CLI-0050,PRD-003,2024-06-30,1.0,29.99,Tarjeta Crédito
TXN-02346,CLI-0055,PRD-024,2024-07-01,1.0,29.99,Transferencia
TXN-00873,CLI-0171,PRD-018,2024-07-01,1.0,14.99,Tarjeta Débito
TXN-02076,CLI-0185,PRD-004,2024-07-01,5.0,449.95,Tarjeta Crédito
TXN-00711,CLI-0131,PRD-002,2024-07-01,4.0,2799.96,Tarjeta Crédito
TXN-00563,CLI-0079,PRD-017,2024-07-01,4.0,2199.96,Tarjeta Débito
TXN-00260,CLI-0015,PRD-018,2024-07-01,1.0,14.99,Tarjeta Débito
TXN-00851,CLI-0171,PRD-020,2024-07-01,2.0,31.98,Tarjeta Crédito
TXN-00673,CLI-0081,PRD-011,2024-07-01,2.0,25.98,Tarjeta Crédito
TXN-00091,CLI-0092,PRD-004,2024-07-01,3.0,269.97,Tarjeta Crédito
TXN-01041,CLI-0154,PRD-008,2024-07-01,1.0,39.99,Tarjeta Débito
TXN-02996,CLI-0142,PRD-020,2024-07-01,2.0,31.98,Transferencia
TXN-02216,CLI-0177,PRD-002,2024-07-01,2.0,1399.98,Efectivo
TXN-01616,CLI-0061,PRD-013,2024-07-01,2.0,89.98,Tarjeta Crédito
TXN-02553,CLI-0141,PRD-003,2024-07-02,2.0,59.98,Tarjeta Crédito
TXN-00843,CLI-0127,PRD-002,2024-07-02,5.0,3499.95,Transferencia
TXN-00133,CLI-0035,PRD-007,2024-07-02,5.0,299.95,Transferencia
TXN-01084,CLI-0015,PRD-008,2024-07-02,2.0,79.98,PayPal
TXN-00184,CLI-0019,PRD-008,2024-07-02,2.0,79.98,Transferencia
TXN-00609,CLI-0178,PRD-006,2024-07-02,3.0,749.97,Efectivo
TXN-00612,CLI-0130,PRD-004,2024-07-02,2.0,179.98,Tarjeta Crédito
TXN-02012,CLI-0141,PRD-001,2024-07-02,1.0,1299.99,Transferencia
TXN-00683,CLI-0075,PRD-005,2024-07-03,5.0,2249.95,Transferencia
TXN-00084,CLI-0029,PRD-004,2024-07-03,1.0,89.99,Tarjeta Crédito
TXN-01966,CLI-0015,PRD-004,2024-07-03,3.0,269.97,Tarjeta Crédito
TXN-02850,CLI-0160,PRD-007,2024-07-03,1.0,59.99,Tarjeta Crédito
TXN-02303,CLI-0164,PRD-007,2024-07-03,2.0,119.98,PayPal
TXN-01397,CLI-0074,PRD-019,2024-07-03,1.0,109.99,Tarjeta Débito
TXN-01750,CLI-0052,PRD-012,2024-07-03,1.0,19.99,PayPal
TXN-02891,CLI-0047,PRD-013,2024-07-04,2.0,89.98,Transferencia
TXN-02369,CLI-0141,PRD-003,2024-07-04,5.0,149.95,Efectivo
TXN-02963,CLI-0007,PRD-014,2024-07-04,1.0,34.99,Tarjeta Débito
TXN-00902,CLI-0175,PRD-007,2024-07-04,1.0,59.99,Tarjeta Débito
TXN-00297,CLI-0077,PRD-008,2024-07-04,1.0,39.99,Tarjeta Crédito
TXN-01029,CLI-0069,PRD-015,2024-07-04,2.0,799.98,Tarjeta Débito
TXN-01639,CLI-0017,PRD-003,2024-07-04,2.0,59.98,Tarjeta Crédito
TXN-01648,CLI-0049,PRD-021,2024-07-05,1.0,24.99,Tarjeta Crédito
TXN-00279,CLI-0136,PRD-003,2024-07-05,1.0,29.99,Tarjeta Crédito
TXN-01590,CLI-0200,PRD-014,2024-07-05,1.0,34.99,Tarjeta Crédito
TXN-00103,CLI-0181,PRD-005,2024-07-05,2.0,899.98,Tarjeta Crédito
TXN-02598,CLI-0011,PRD-007,2024-07-05,1.0,59.99,Transferencia
TXN-00783,CLI-0153,PRD-019,2024-07-05,2.0,219.98,Transferencia
TXN-01628,CLI-0178,PRD-008,2024-07-05,1.0,39.99,PayPal
TXN-01539,CLI-0132,PRD-020,2024-07-05,1.0,15.99,Tarjeta Crédito
TXN-00890,CLI-0040,PRD-018,2024-07-05,4.0,59.96,Transferencia
TXN-02140,CLI-0058,PRD-006,2024-07-05,1.0,249.99,Tarjeta Crédito
TXN-02281,CLI-0169,PRD-011,2024-07-05,4.0,51.96,PayPal
TXN-01107,CLI-0117,PRD-016,2024-07-05,5.0,1499.95,Tarjeta Crédito
TXN-00713,CLI-0007,PRD-018,2024-07-05,1.0,14.99,Tarjeta Crédito
TXN-02624,CLI-0005,PRD-018,2024-07-05,2.0,29.98,Tarjeta Débito
TXN-01653,CLI-0132,PRD-009,2024-07-06,1.0,74.99,Tarjeta Crédito
TXN-01267,CLI-0066,PRD-009,2024-07-06,1.0,74.99,Transferencia
TXN-01934,CLI-0135,PRD-019,2024-07-06,1.0,109.99,Tarjeta Débito
TXN-02568,CLI-0110,PRD-001,2024-07-06,1.0,1299.99,Tarjeta Débito
TXN-00996,CLI-0002,PRD-018,2024-07-06,2.0,29.98,Tarjeta Crédito
TXN-00092,CLI-0017,PRD-025,2024-07-07,1.0,9.99,Tarjeta Crédito
TXN-01955,CLI-0062,PRD-007,2024-07-07,4.0,239.96,Transferencia
TXN-01291,CLI-0107,PRD-003,2024-07-07,3.0,89.97,Tarjeta Débito
TXN-01496,CLI-0090,PRD-007,2024-07-07,1.0,59.99,Tarjeta Crédito
TXN-00033,CLI-0099,PRD-006,2024-07-07,1.0,249.99,Transferencia
TXN-00531,CLI-0021,PRD-010,2024-07-07,1.0,34.99,Transferencia
TXN-01247,CLI-0149,PRD-013,2024-07-07,2.0,89.98,Efectivo
TXN-02268,CLI-0094,PRD-008,2024-07-08,2.0,79.98,PayPal
TXN-02049,CLI-0080,PRD-004,2024-07-08,3.0,269.97,Tarjeta Débito
TXN-02075,CLI-0020,PRD-024,2024-07-08,4.0,119.96,Transferencia
TXN-01640,CLI-0112,PRD-013,2024-07-08,2.0,89.98,Efectivo
TXN-01093,CLI-0036,PRD-018,2024-07-08,2.0,29.98,PayPal
TXN-02702,CLI-0151,PRD-003,2024-07-08,2.0,59.98,PayPal
TXN-01161,CLI-0155,PRD-018,2024-07-08,2.0,29.98,PayPal
TXN-01903,CLI-0162,PRD-003,2024-07-08,4.0,119.96,Transferencia
TXN-01615,CLI-0009,PRD-003,2024-07-08,3.0,89.97,Tarjeta Crédito
TXN-02338,CLI-0065,PRD-012,2024-07-08,,39.98,Tarjeta Débito
TXN-00207,CLI-0117,PRD-007,2024-07-08,1.0,59.99,Tarjeta Crédito
TXN-01575,CLI-0103,PRD-021,2024-07-08,5.0,124.95,Tarjeta Débito
TXN-00050,CLI-0140,PRD-013,2024-07-08,1.0,44.99,Tarjeta Débito
TXN-02154,CLI-0048,PRD-025,2024-07-09,5.0,49.95,Transferencia
TXN-01925,CLI-0023,PRD-004,2024-07-09,1.0,89.99,PayPal
TXN-02282,CLI-0093,PRD-002,2024-07-09,2.0,1399.98,Transferencia
TXN-01645,CLI-0170,PRD-008,2024-07-09,1.0,39.99,Tarjeta Débito
TXN-02463,CLI-0132,PRD-017,2024-07-09,3.0,1649.97,Efectivo
TXN-02024,CLI-0092,PRD-006,2024-07-09,1.0,249.99,Tarjeta Crédito
TXN-02601,CLI-0146,PRD-011,2024-07-09,1.0,12.99,Tarjeta Crédito
TXN-02742,CLI-0063,PRD-001,2024-07-09,5.0,6499.95,PayPal
TXN-01608,CLI-0080,PRD-001,2024-07-09,3.0,3899.97,Transferencia
TXN-02397,CLI-0001,PRD-003,2024-07-10,4.0,119.96,Efectivo
TXN-00518,CLI-0129,PRD-004,2024-07-10,1.0,89.99,Efectivo
TXN-02959,CLI-0189,PRD-011,2024-07-10,2.0,25.98,Tarjeta Débito
TXN-02314,CLI-0087,PRD-022,2024-07-10,1.0,89.99,Tarjeta Crédito
TXN-00077,CLI-0023,PRD-011,2024-07-10,5.0,,Tarjeta Débito
TXN-02856,CLI-0051,PRD-010,2024-07-10,2.0,69.98,Tarjeta Débito
TXN-02838,CLI-0133,PRD-007,2024-07-10,5.0,299.95,Transferencia
TXN-02706,CLI-0178,PRD-004,2024-07-11,3.0,269.97,Tarjeta Crédito
TXN-02458,CLI-0002,PRD-004,2024-07-11,3.0,269.97,Tarjeta Débito
TXN-02189,CLI-0159,PRD-008,2024-07-11,2.0,79.98,Tarjeta Débito
TXN-01532,CLI-0156,PRD-020,2024-07-11,5.0,79.95,Tarjeta Crédito
TXN-02118,CLI-0087,PRD-014,2024-07-11,2.0,69.98,Tarjeta Crédito
TXN-02714,CLI-0130,PRD-006,2024-07-11,1.0,249.99,Tarjeta Crédito
TXN-01754,CLI-0171,PRD-003,2024-07-11,4.0,119.96,Tarjeta Débito
TXN-02410,CLI-0069,PRD-020,2024-07-11,1.0,15.99,Tarjeta Crédito
TXN-00165,CLI-0108,PRD-002,2024-07-11,5.0,3499.95,Transferencia
TXN-02526,CLI-0044,PRD-007,2024-07-12,1.0,59.99,PayPal
TXN-00546,CLI-0015,PRD-014,2024-07-12,5.0,174.95,Tarjeta Crédito
TXN-02323,CLI-0125,PRD-007,2024-07-12,2.0,119.98,Tarjeta Crédito
TXN-00862,CLI-0034,PRD-021,2024-07-12,2.0,49.98,Tarjeta Débito
TXN-02477,CLI-0069,PRD-012,2024-07-12,3.0,59.97,Transferencia
TXN-00897,CLI-0107,PRD-014,2024-07-12,1.0,34.99,Tarjeta Crédito
TXN-01809,CLI-0184,PRD-018,2024-07-12,3.0,44.97,Tarjeta Crédito
TXN-01176,CLI-0042,PRD-008,2024-07-12,1.0,39.99,Tarjeta Crédito
TXN-00878,CLI-0146,PRD-003,2024-07-12,1.0,29.99,Tarjeta Débito
TXN-00288,CLI-0045,PRD-018,2024-07-13,1.0,14.99,Transferencia
TXN-02695,CLI-0026,PRD-001,2024-07-13,4.0,5199.96,PayPal
TXN-00864,CLI-0114,PRD-008,2024-07-13,1.0,39.99,Efectivo
TXN-02944,CLI-0017,PRD-012,2024-07-13,5.0,99.95,PayPal
TXN-01881,CLI-0129,PRD-015,2024-07-13,1.0,399.99,Tarjeta Débito
TXN-01525,CLI-0110,PRD-007,2024-07-13,1.0,59.99,Tarjeta Crédito
TXN-01670,CLI-0124,PRD-008,2024-07-14,3.0,119.97,Tarjeta Crédito
TXN-02419,CLI-0100,PRD-003,2024-07-14,1.0,29.99,Tarjeta Débito
TXN-00022,CLI-0038,PRD-007,2024-07-14,4.0,239.96,Tarjeta Débito
TXN-01647,CLI-0090,PRD-001,2024-07-14,1.0,1299.99,Transferencia
TXN-01000,CLI-0081,PRD-006,2024-07-15,4.0,999.96,Tarjeta Crédito
TXN-01450,CLI-0146,PRD-011,2024-07-15,1.0,12.99,Transferencia
TXN-02655,CLI-0177,PRD-004,2024-07-15,2.0,179.98,PayPal
TXN-00381,CLI-0172,PRD-007,2024-07-15,4.0,239.96,Tarjeta Débito
TXN-01193,CLI-0117,PRD-012,2024-07-15,1.0,19.99,Tarjeta Débito
TXN-01869,CLI-0015,PRD-004,2024-07-15,1.0,89.99,Tarjeta Débito
TXN-01444,CLI-0175,PRD-023,2024-07-15,5.0,1749.95,Transferencia
TXN-01771,CLI-0057,PRD-015,2024-07-15,4.0,1599.96,Efectivo
TXN-01410,CLI-0149,PRD-004,2024-07-15,4.0,359.96,Efectivo
TXN-01424,CLI-0027,PRD-016,2024-07-16,1.0,299.99,Tarjeta Débito
TXN-00724,CLI-0161,PRD-004,2024-07-16,2.0,179.98,Transferencia
TXN-01264,CLI-0183,PRD-014,2024-07-16,3.0,104.97,Efectivo
TXN-01431,CLI-0025,PRD-018,2024-07-16,1.0,14.99,Tarjeta Crédito
TXN-02612,CLI-0125,PRD-018,2024-07-16,3.0,44.97,Transferencia
TXN-00610,CLI-0020,PRD-009,2024-07-16,3.0,224.97,Tarjeta Crédito
TXN-00082,CLI-0153,PRD-003,2024-07-17,2.0,59.98,Tarjeta Crédito
TXN-00290,CLI-0087,PRD-012,2024-07-17,2.0,39.98,Tarjeta Crédito
TXN-01283,CLI-0051,PRD-011,2024-07-17,4.0,51.96,Tarjeta Crédito
TXN-01477,CLI-0023,PRD-009,2024-07-17,5.0,374.95,Tarjeta Débito
TXN-01007,CLI-0129,PRD-010,2024-07-17,1.0,34.99,Tarjeta Crédito
TXN-00439,CLI-0146,PRD-011,2024-07-17,1.0,12.99,Efectivo
TXN-01974,CLI-0086,PRD-005,2024-07-17,1.0,449.99,Tarjeta Crédito
TXN-01483,CLI-0053,PRD-014,2024-07-17,1.0,34.99,Tarjeta Crédito
TXN-00307,CLI-0001,PRD-007,2024-07-17,3.0,179.97,Efectivo
TXN-02493,CLI-0134,PRD-012,2024-07-17,5.0,99.95,PayPal
TXN-01551,CLI-0189,PRD-020,2024-07-17,2.0,31.98,Efectivo
TXN-00934,CLI-0098,PRD-019,2024-07-17,5.0,549.95,Tarjeta Crédito
TXN-02992,CLI-0045,PRD-011,2024-07-17,2.0,25.98,Tarjeta Crédito
TXN-02687,CLI-0074,PRD-003,2024-07-18,3.0,89.97,Tarjeta Débito
TXN-02059,CLI-0117,PRD-011,2024-07-18,1.0,12.99,Tarjeta Débito
TXN-00099,CLI-0179,PRD-011,2024-07-18,1.0,12.99,Tarjeta Crédito
TXN-02486,CLI-0062,PRD-016,2024-07-18,5.0,1499.95,Tarjeta Crédito
TXN-02602,CLI-0085,PRD-016,2024-07-18,5.0,1499.95,Tarjeta Crédito
TXN-00452,CLI-0179,PRD-006,2024-07-19,4.0,999.96,PayPal
TXN-02932,CLI-0103,PRD-010,2024-07-19,4.0,139.96,Efectivo
TXN-02021,CLI-0180,PRD-013,2024-07-19,3.0,134.97,Tarjeta Débito
TXN-01522,CLI-0077,PRD-014,2024-07-19,1.0,34.99,Tarjeta Crédito
TXN-00704,CLI-0157,PRD-016,2024-07-19,1.0,299.99,Tarjeta Crédito
TXN-01254,CLI-0023,PRD-002,2024-07-19,3.0,2099.97,Transferencia
TXN-01111,CLI-0088,PRD-019,2024-07-19,2.0,219.98,Tarjeta Débito
TXN-01530,CLI-0007,PRD-002,2024-07-19,3.0,2099.97,Transferencia
TXN-02264,CLI-0031,PRD-014,2024-07-19,1.0,34.99,PayPal
TXN-02198,CLI-0051,PRD-004,2024-07-19,1.0,89.99,Tarjeta Débito
TXN-00107,CLI-0087,PRD-006,2024-07-19,2.0,499.98,Transferencia
TXN-01752,CLI-0040,PRD-018,2024-07-19,2.0,29.98,Tarjeta Débito
TXN-01332,CLI-0169,PRD-008,2024-07-19,3.0,119.97,Transferencia
TXN-02800,CLI-0173,PRD-003,2024-07-19,1.0,29.99,Tarjeta Crédito
TXN-02365,CLI-0115,PRD-003,2024-07-19,1.0,29.99,Tarjeta Débito
TXN-00465,CLI-0021,PRD-018,2024-07-19,5.0,74.95,Tarjeta Crédito
TXN-02548,CLI-0003,PRD-007,2024-07-20,4.0,239.96,Transferencia
TXN-00166,CLI-0012,PRD-019,2024-07-20,1.0,109.99,Tarjeta Crédito
TXN-02517,CLI-0112,PRD-009,2024-07-20,4.0,299.96,Transferencia
TXN-01151,CLI-0132,PRD-018,2024-07-20,2.0,29.98,Tarjeta Débito
TXN-02863,CLI-0057,PRD-022,2024-07-21,1.0,89.99,Tarjeta Crédito
TXN-01892,CLI-0112,PRD-011,2024-07-21,1.0,12.99,Tarjeta Crédito
TXN-02862,CLI-0153,PRD-012,2024-07-21,4.0,79.96,Transferencia
TXN-02371,CLI-0075,PRD-002,2024-07-21,3.0,2099.97,PayPal
TXN-02831,CLI-0105,PRD-014,2024-07-21,1.0,34.99,PayPal
TXN-00343,CLI-0155,PRD-004,2024-07-21,5.0,449.95,PayPal
TXN-00788,CLI-0054,PRD-009,2024-07-22,2.0,149.98,Efectivo
TXN-02117,CLI-0082,PRD-024,2024-07-22,1.0,29.99,Tarjeta Débito
TXN-02849,CLI-0121,PRD-005,2024-07-22,1.0,449.99,Transferencia
TXN-00216,CLI-0186,PRD-010,2024-07-22,2.0,69.98,Tarjeta Crédito
TXN-00826,CLI-0185,PRD-007,2024-07-22,1.0,59.99,Tarjeta Débito
TXN-02483,CLI-0100,PRD-001,2024-07-22,1.0,1299.99,Tarjeta Crédito
TXN-01938,CLI-0106,PRD-010,2024-07-22,1.0,34.99,Tarjeta Crédito
TXN-01407,CLI-0010,PRD-020,2024-07-22,1.0,15.99,Tarjeta Débito
TXN-01174,CLI-0131,PRD-002,2024-07-22,1.0,699.99,PayPal
TXN-02864,CLI-0115,PRD-016,2024-07-23,2.0,599.98,Tarjeta Crédito
TXN-00223,CLI-0068,PRD-008,2024-07-23,5.0,199.95,PayPal
TXN-02700,CLI-0022,PRD-009,2024-07-23,4.0,299.96,Transferencia
TXN-01598,CLI-0143,PRD-005,2024-07-23,2.0,899.98,Efectivo
TXN-01578,CLI-0112,PRD-005,2024-07-23,2.0,899.98,PayPal
TXN-01279,CLI-0012,PRD-013,2024-07-23,3.0,134.97,Tarjeta Crédito
TXN-00391,CLI-0183,PRD-014,2024-07-23,3.0,104.97,Transferencia
TXN-02442,CLI-0080,PRD-019,2024-07-24,3.0,329.97,Tarjeta Débito
TXN-02008,CLI-0040,PRD-011,2024-07-24,3.0,38.97,Transferencia
TXN-00755,CLI-0027,PRD-009,2024-07-24,1.0,74.99,Tarjeta Crédito
TXN-01671,CLI-0080,PRD-019,2024-07-24,1.0,109.99,PayPal
TXN-01451,CLI-0110,PRD-009,2024-07-24,1.0,74.99,Tarjeta Débito
TXN-01240,CLI-0044,PRD-009,2024-07-24,2.0,149.98,Transferencia
TXN-01980,CLI-0176,PRD-007,2024-07-24,2.0,119.98,Tarjeta Crédito
TXN-01094,CLI-0114,PRD-020,2024-07-24,4.0,63.96,Tarjeta Crédito
TXN-01231,CLI-0180,PRD-003,2024-07-24,1.0,29.99,Tarjeta Débito
TXN-01682,CLI-0086,PRD-012,2024-07-24,5.0,99.95,Transferencia
TXN-01128,CLI-0112,PRD-007,2024-07-24,3.0,179.97,Tarjeta Crédito
TXN-01040,CLI-0157,PRD-012,2024-07-25,4.0,79.96,PayPal
TXN-02915,CLI-0151,PRD-016,2024-07-25,4.0,1199.96,Tarjeta Crédito
TXN-02336,CLI-0024,PRD-006,2024-07-25,3.0,749.97,Transferencia
TXN-02952,CLI-0196,PRD-018,2024-07-25,3.0,44.97,Transferencia
TXN-00309,CLI-0110,PRD-015,2024-07-25,1.0,399.99,Tarjeta Crédito
TXN-01011,CLI-0146,PRD-003,2024-07-25,2.0,59.98,PayPal
TXN-00521,CLI-0162,PRD-012,2024-07-25,1.0,19.99,Tarjeta Débito
TXN-02175,CLI-0021,PRD-003,2024-07-25,1.0,29.99,Tarjeta Crédito
TXN-02240,CLI-0155,PRD-003,2024-07-25,1.0,29.99,Tarjeta Crédito
TXN-00628,CLI-0069,PRD-019,2024-07-26,2.0,219.98,Transferencia
TXN-01317,CLI-0011,PRD-004,2024-07-26,2.0,179.98,Tarjeta Débito
TXN-02998,CLI-0199,PRD-009,2024-07-26,2.0,149.98,Tarjeta Crédito
TXN-02977,CLI-0148,PRD-002,2024-07-26,3.0,2099.97,Efectivo
TXN-02567,CLI-0077,PRD-012,2024-07-26,4.0,79.96,Tarjeta Crédito
TXN-01482,CLI-0034,PRD-013,2024-07-26,2.0,89.98,Tarjeta Crédito
TXN-01742,CLI-0030,PRD-003,2024-07-26,1.0,29.99,Efectivo
TXN-02270,CLI-0138,PRD-008,2024-07-26,1.0,39.99,Tarjeta Crédito
TXN-02019,CLI-0002,PRD-017,2024-07-26,2.0,1099.98,Transferencia
TXN-01804,CLI-0055,PRD-002,2024-07-26,3.0,2099.97,Tarjeta Crédito
TXN-01512,CLI-0151,PRD-018,2024-07-26,5.0,74.95,Transferencia
TXN-00696,CLI-0179,PRD-025,2024-07-26,2.0,19.98,PayPal
TXN-00727,CLI-0165,PRD-003,2024-07-26,1.0,29.99,Transferencia
TXN-01249,CLI-0048,PRD-010,2024-07-26,2.0,69.98,Efectivo
TXN-02360,CLI-0144,PRD-013,2024-07-26,4.0,179.96,Efectivo
TXN-01207,CLI-0010,PRD-009,2024-07-26,3.0,224.97,Transferencia
TXN-01353,CLI-0019,PRD-009,2024-07-26,2.0,149.98,PayPal
TXN-02547,CLI-0062,PRD-011,2024-07-26,1.0,12.99,Tarjeta Débito
TXN-02613,CLI-0124,PRD-015,2024-07-26,1.0,399.99,Tarjeta Crédito
TXN-00587,CLI-0120,PRD-013,2024-07-27,4.0,179.96,PayPal
TXN-02711,CLI-0009,PRD-002,2024-07-27,3.0,2099.97,Transferencia
TXN-00710,CLI-0123,PRD-003,2024-07-27,1.0,29.99,Transferencia
TXN-02465,CLI-0029,PRD-002,2024-07-27,1.0,699.99,Transferencia
TXN-01415,CLI-0039,PRD-006,2024-07-27,1.0,249.99,Tarjeta Crédito
TXN-01722,CLI-0069,PRD-014,2024-07-27,3.0,104.97,Tarjeta Crédito
TXN-00591,CLI-0074,PRD-007,2024-07-28,3.0,179.97,Tarjeta Débito
TXN-00769,CLI-0116,PRD-005,2024-07-28,4.0,1799.96,Tarjeta Crédito
TXN-02247,CLI-0139,PRD-019,2024-07-28,2.0,219.98,Tarjeta Débito
TXN-00789,CLI-0130,PRD-012,2024-07-28,1.0,19.99,Tarjeta Débito
TXN-00658,CLI-0173,PRD-008,2024-07-28,1.0,39.99,Tarjeta Débito
TXN-00481,CLI-0025,PRD-020,2024-07-29,1.0,15.99,Tarjeta Débito
TXN-00264,CLI-0111,PRD-004,2024-07-29,5.0,449.95,PayPal
TXN-00653,CLI-0080,PRD-003,2024-07-29,5.0,149.95,Tarjeta Crédito
TXN-01654,CLI-0177,PRD-010,2024-07-29,1.0,34.99,Transferencia
TXN-01797,CLI-0131,PRD-007,2024-07-29,4.0,239.96,Tarjeta Crédito
TXN-01302,CLI-0069,PRD-008,2024-07-29,1.0,39.99,Tarjeta Crédito
TXN-02218,CLI-0133,PRD-002,2024-07-29,4.0,2799.96,Tarjeta Crédito
TXN-00464,CLI-0031,PRD-003,2024-07-30,2.0,59.98,Transferencia
TXN-02031,CLI-0188,PRD-010,2024-07-30,5.0,174.95,Tarjeta Débito
TXN-02501,CLI-0185,PRD-015,2024-07-30,2.0,799.98,PayPal
TXN-02466,CLI-0135,PRD-009,2024-07-31,4.0,299.96,Tarjeta Crédito
TXN-00444,CLI-0151,PRD-024,2024-07-31,1.0,29.99,Tarjeta Débito
TXN-00557,CLI-0099,PRD-002,2024-07-31,4.0,2799.96,Tarjeta Crédito
TXN-01658,CLI-0130,PRD-010,2024-07-31,2.0,69.98,Tarjeta Crédito
TXN-02098,CLI-0165,PRD-010,2024-07-31,1.0,34.99,Tarjeta Crédito
TXN-00889,CLI-0007,PRD-019,2024-07-31,2.0,219.98,Transferencia
TXN-01698,CLI-0156,PRD-003,2024-07-31,4.0,119.96,Efectivo
TXN-02296,CLI-0049,PRD-007,2024-07-31,5.0,299.95,PayPal
TXN-02560,CLI-0041,PRD-024,2024-07-31,5.0,149.95,Tarjeta Crédito
TXN-02746,CLI-0041,PRD-009,2024-07-31,1.0,74.99,Tarjeta Crédito
TXN-01681,CLI-0113,PRD-005,2024-07-31,5.0,2249.95,Transferencia
TXN-00768,CLI-0160,PRD-003,2024-07-31,4.0,119.96,Tarjeta Crédito
TXN-00759,CLI-0008,PRD-007,2024-08-01,1.0,59.99,Tarjeta Crédito
TXN-00167,CLI-0036,PRD-007,2024-08-01,1.0,59.99,Efectivo
TXN-00584,CLI-0042,PRD-010,2024-08-01,1.0,34.99,Tarjeta Crédito
TXN-00989,CLI-0046,PRD-025,2024-08-01,3.0,29.97,Tarjeta Débito
TXN-00069,CLI-0049,PRD-006,2024-08-01,1.0,249.99,Tarjeta Débito
TXN-01644,CLI-0174,PRD-007,2024-08-01,2.0,119.98,PayPal
TXN-00315,CLI-0089,PRD-020,2024-08-01,5.0,79.95,Tarjeta Débito
TXN-01042,CLI-0035,PRD-011,2024-08-02,5.0,64.95,PayPal
TXN-02405,CLI-0183,PRD-016,2024-08-02,1.0,299.99,PayPal
TXN-02038,CLI-0013,PRD-007,2024-08-02,1.0,59.99,Transferencia
TXN-00773,CLI-0190,PRD-006,2024-08-02,2.0,499.98,Tarjeta Crédito
TXN-00790,CLI-0101,PRD-009,2024-08-02,4.0,299.96,Transferencia
TXN-00466,CLI-0090,PRD-003,2024-08-02,1.0,29.99,Tarjeta Crédito
TXN-01192,CLI-0100,PRD-002,2024-08-02,2.0,1399.98,Transferencia
TXN-00363,CLI-0111,PRD-009,2024-08-02,3.0,224.97,Efectivo
TXN-01813,CLI-0115,PRD-013,2024-08-02,1.0,44.99,Tarjeta Débito
TXN-00204,CLI-0015,PRD-010,2024-08-02,5.0,174.95,Transferencia
TXN-02274,CLI-0084,PRD-008,2024-08-02,1.0,39.99,Tarjeta Débito
TXN-02010,CLI-0046,PRD-003,2024-08-02,2.0,59.98,Tarjeta Crédito
TXN-00690,CLI-0021,PRD-006,2024-08-02,1.0,249.99,PayPal
TXN-02788,CLI-0038,PRD-007,2024-08-02,4.0,239.96,Transferencia
TXN-01359,CLI-0006,PRD-025,2024-08-02,2.0,19.98,Tarjeta Crédito
TXN-02538,CLI-0030,PRD-020,2024-08-02,2.0,31.98,Tarjeta Crédito
TXN-01156,CLI-0047,PRD-024,2024-08-02,1.0,29.99,Tarjeta Crédito
TXN-01385,CLI-0020,PRD-019,2024-08-02,1.0,109.99,Efectivo
TXN-00263,CLI-0123,PRD-011,2024-08-03,4.0,51.96,Tarjeta Débito
TXN-00141,CLI-0032,PRD-004,2024-08-03,5.0,449.95,Tarjeta Crédito
TXN-01494,CLI-0029,PRD-020,2024-08-03,1.0,15.99,PayPal
TXN-00662,CLI-0034,PRD-002,2024-08-03,1.0,699.99,Tarjeta Crédito
TXN-01531,CLI-0040,PRD-010,2024-08-03,2.0,69.98,Tarjeta Crédito
TXN-02508,CLI-0062,PRD-003,2024-08-03,1.0,29.99,Efectivo
TXN-01022,CLI-0026,PRD-016,2024-08-04,2.0,599.98,Transferencia
TXN-00220,CLI-0095,PRD-014,2024-08-04,1.0,34.99,Tarjeta Crédito
TXN-02074,CLI-0160,PRD-020,2024-08-04,5.0,79.95,Transferencia
TXN-01420,CLI-0057,PRD-014,2024-08-04,3.0,104.97,Transferencia
TXN-01357,CLI-0074,PRD-023,2024-08-04,2.0,699.98,Transferencia
TXN-00593,CLI-0052,PRD-005,2024-08-04,2.0,899.98,Transferencia
TXN-00820,CLI-0016,PRD-019,2024-08-04,2.0,219.98,Transferencia
TXN-01020,CLI-0044,PRD-016,2024-08-05,5.0,1499.95,PayPal
TXN-02755,CLI-0139,PRD-025,2024-08-05,5.0,49.95,Transferencia
TXN-01973,CLI-0003,PRD-006,2024-08-05,2.0,499.98,Tarjeta Débito
TXN-00453,CLI-0170,PRD-004,2024-08-05,1.0,89.99,Tarjeta Crédito
TXN-00371,CLI-0114,PRD-008,2024-08-05,2.0,79.98,Tarjeta Débito
TXN-00215,CLI-0165,PRD-004,2024-08-05,1.0,89.99,Transferencia
TXN-01405,CLI-0152,PRD-013,2024-08-05,1.0,44.99,Tarjeta Crédito
TXN-01178,CLI-0017,PRD-025,2024-08-06,1.0,9.99,Tarjeta Débito
TXN-01220,CLI-0043,PRD-004,2024-08-06,1.0,89.99,Tarjeta Débito
TXN-02657,CLI-0133,PRD-014,2024-08-06,2.0,69.98,Efectivo
TXN-02029,CLI-0183,PRD-010,2024-08-06,1.0,34.99,Tarjeta Crédito
TXN-02116,CLI-0044,PRD-013,2024-08-06,1.0,44.99,Tarjeta Crédito
TXN-00659,CLI-0007,PRD-002,2024-08-06,2.0,1399.98,Tarjeta Crédito
TXN-01566,CLI-0069,PRD-014,2024-08-06,5.0,174.95,Tarjeta Crédito
TXN-00105,CLI-0166,PRD-021,2024-08-06,2.0,49.98,PayPal
TXN-02699,CLI-0142,PRD-016,2024-08-06,2.0,599.98,Tarjeta Débito
TXN-01345,CLI-0141,PRD-018,2024-08-07,5.0,74.95,Tarjeta Crédito
TXN-01744,CLI-0009,PRD-018,2024-08-07,4.0,59.96,Tarjeta Crédito
TXN-00111,CLI-0169,PRD-013,2024-08-07,4.0,179.96,Transferencia
TXN-01949,CLI-0074,PRD-008,2024-08-07,4.0,159.96,Transferencia
TXN-02105,CLI-0018,PRD-008,2024-08-07,5.0,199.95,Transferencia
TXN-01528,CLI-0106,PRD-003,2024-08-08,1.0,29.99,Tarjeta Crédito
TXN-01528,CLI-0106,PRD-011,2024-08-08,5.0,64.95,Transferencia
TXN-02904,CLI-0024,PRD-010,2024-08-08,1.0,34.99,Tarjeta Débito
TXN-02125,CLI-0002,PRD-011,2024-08-08,3.0,38.97,Transferencia
TXN-01851,CLI-0196,PRD-002,2024-08-08,2.0,1399.98,Tarjeta Débito
TXN-01803,CLI-0127,PRD-008,2024-08-08,5.0,199.95,Tarjeta Débito
TXN-01224,CLI-0199,PRD-018,2024-08-08,5.0,74.95,PayPal
TXN-00555,CLI-0016,PRD-010,2024-08-08,2.0,69.98,Tarjeta Crédito
TXN-01019,CLI-0079,PRD-003,2024-08-08,2.0,59.98,Tarjeta Crédito
TXN-00328,CLI-0025,PRD-009,2024-08-08,5.0,374.95,Tarjeta Crédito
TXN-02331,CLI-0002,PRD-002,2024-08-09,2.0,1399.98,Transferencia
TXN-00372,CLI-0111,PRD-017,2024-08-09,2.0,1099.98,Tarjeta Crédito
TXN-00871,CLI-0182,PRD-011,2024-08-09,3.0,38.97,Tarjeta Crédito
TXN-01039,CLI-0078,PRD-016,2024-08-09,3.0,899.97,Tarjeta Crédito
TXN-02343,CLI-0105,PRD-005,2024-08-09,1.0,449.99,Tarjeta Crédito
TXN-02688,CLI-0017,PRD-003,2024-08-09,1.0,29.99,Transferencia
TXN-01601,CLI-0182,PRD-001,2024-08-09,3.0,3899.97,Tarjeta Crédito
TXN-01123,CLI-0068,PRD-023,2024-08-09,1.0,349.99,Tarjeta Crédito
TXN-02730,CLI-0073,PRD-002,2024-08-09,4.0,2799.96,Transferencia
TXN-02428,CLI-0022,PRD-011,2024-08-09,1.0,12.99,Tarjeta Crédito
TXN-02743,CLI-0029,PRD-002,2024-08-09,1.0,699.99,Efectivo
TXN-01248,CLI-0156,PRD-016,2024-08-09,1.0,299.99,Efectivo
TXN-02912,CLI-0055,PRD-012,2024-08-09,1.0,19.99,Tarjeta Crédito
TXN-01390,CLI-0154,PRD-019,2024-08-09,1.0,109.99,Transferencia
TXN-02028,CLI-0107,PRD-001,2024-08-09,4.0,5199.96,Tarjeta Crédito
TXN-01221,CLI-0154,PRD-011,2024-08-09,1.0,12.99,Tarjeta Débito
TXN-01507,CLI-0127,PRD-020,2024-08-10,4.0,63.96,Tarjeta Débito
TXN-00243,CLI-0156,PRD-018,2024-08-10,2.0,29.98,Tarjeta Débito
TXN-00252,CLI-0197,PRD-003,2024-08-10,3.0,89.97,Tarjeta Crédito
TXN-01308,CLI-0131,PRD-002,2024-08-10,2.0,1399.98,Tarjeta Crédito
TXN-01230,CLI-0195,PRD-010,2024-08-10,2.0,69.98,Transferencia
TXN-01202,CLI-0054,PRD-007,2024-08-10,2.0,119.98,Transferencia
TXN-00668,CLI-0134,PRD-005,2024-08-10,2.0,899.98,PayPal
TXN-00804,CLI-0113,PRD-016,2024-08-10,2.0,599.98,PayPal
TXN-01758,CLI-0161,PRD-020,2024-08-10,2.0,31.98,Tarjeta Débito
TXN-01900,CLI-0172,PRD-006,2024-08-11,2.0,499.98,Tarjeta Crédito
TXN-02435,CLI-0047,PRD-003,2024-08-11,1.0,29.99,Transferencia
TXN-00129,CLI-0001,PRD-009,2024-08-11,1.0,74.99,Tarjeta Débito
TXN-01930,CLI-0055,PRD-011,2024-08-11,3.0,38.97,Efectivo
TXN-01330,CLI-0119,PRD-004,2024-08-11,4.0,359.96,Transferencia
TXN-01828,CLI-0027,PRD-003,2024-08-12,1.0,29.99,PayPal
TXN-00938,CLI-0112,PRD-019,2024-08-12,1.0,109.99,Transferencia
TXN-02294,CLI-0029,PRD-002,2024-08-12,2.0,1399.98,Tarjeta Débito
TXN-01328,CLI-0038,PRD-020,2024-08-12,1.0,15.99,Tarjeta Débito
TXN-02667,CLI-0030,PRD-005,2024-08-12,3.0,1349.97,Tarjeta Débito
TXN-01774,CLI-0186,PRD-019,2024-08-12,5.0,549.95,Efectivo
TXN-00930,CLI-0126,PRD-018,2024-08-13,1.0,14.99,Tarjeta Crédito
TXN-00805,CLI-0171,PRD-007,2024-08-13,1.0,59.99,Transferencia
TXN-02966,CLI-0168,PRD-005,2024-08-13,2.0,899.98,Tarjeta Crédito
TXN-00921,CLI-0083,PRD-006,2024-08-13,1.0,249.99,Tarjeta Débito
TXN-02172,CLI-0102,PRD-003,2024-08-13,2.0,59.98,PayPal
TXN-01984,CLI-0120,PRD-008,2024-08-13,1.0,39.99,Tarjeta Crédito
TXN-01637,CLI-0167,PRD-014,2024-08-13,5.0,174.95,Tarjeta Débito
TXN-01969,CLI-0178,PRD-004,2024-08-13,3.0,269.97,Transferencia
TXN-02978,CLI-0153,PRD-021,2024-08-13,3.0,74.97,Tarjeta Débito
TXN-00255,CLI-0053,PRD-008,2024-08-13,1.0,39.99,Tarjeta Crédito
TXN-00702,CLI-0109,PRD-007,2024-08-13,3.0,179.97,Transferencia
TXN-00594,CLI-0199,PRD-009,2024-08-13,5.0,374.95,Tarjeta Crédito
TXN-02555,CLI-0163,PRD-008,2024-08-13,1.0,39.99,Tarjeta Débito
TXN-02851,CLI-0026,PRD-003,2024-08-13,3.0,89.97,Tarjeta Crédito
TXN-00595,CLI-0130,PRD-014,2024-08-14,4.0,139.96,Tarjeta Débito
TXN-02842,CLI-0093,PRD-006,2024-08-14,3.0,749.97,Tarjeta Débito
TXN-00226,CLI-0113,PRD-006,2024-08-14,5.0,1249.95,Tarjeta Crédito
TXN-02353,CLI-0024,PRD-020,2024-08-14,2.0,31.98,Tarjeta Débito
TXN-00435,CLI-0151,PRD-019,2024-08-14,2.0,219.98,Tarjeta Crédito
TXN-00510,CLI-0089,PRD-002,2024-08-14,2.0,1399.98,Tarjeta Débito
TXN-00176,CLI-0087,PRD-011,2024-08-15,1.0,12.99,PayPal
TXN-00842,CLI-0193,PRD-001,2024-08-15,4.0,5199.96,Efectivo
TXN-00942,CLI-0038,PRD-001,2024-08-15,1.0,1299.99,Tarjeta Crédito
TXN-00953,CLI-0035,PRD-005,2024-08-15,3.0,1349.97,Transferencia
TXN-02407,CLI-0058,PRD-007,2024-08-15,2.0,119.98,Transferencia
TXN-02278,CLI-0086,PRD-003,2024-08-15,2.0,59.98,Tarjeta Crédito
TXN-00149,CLI-0047,PRD-010,2024-08-15,2.0,69.98,Tarjeta Crédito
TXN-02399,CLI-0056,PRD-019,2024-08-16,1.0,109.99,Tarjeta Débito
TXN-00211,CLI-0003,PRD-009,2024-08-16,1.0,74.99,Tarjeta Débito
TXN-01521,CLI-0052,PRD-003,2024-08-16,5.0,149.95,PayPal
TXN-02113,CLI-0170,PRD-014,2024-08-16,1.0,34.99,Tarjeta Crédito
TXN-00504,CLI-0190,PRD-008,2024-08-16,1.0,39.99,Tarjeta Crédito
TXN-00726,CLI-0063,PRD-009,2024-08-16,2.0,149.98,Tarjeta Crédito
TXN-00728,CLI-0187,PRD-023,2024-08-16,1.0,349.99,Tarjeta Crédito
TXN-01902,CLI-0054,PRD-025,2024-08-16,2.0,19.98,Transferencia
TXN-00564,CLI-0146,PRD-006,2024-08-16,1.0,249.99,Tarjeta Débito
TXN-00289,CLI-0136,PRD-008,2024-08-16,4.0,159.96,Tarjeta Crédito
TXN-01677,CLI-0192,PRD-015,2024-08-16,3.0,1199.97,Transferencia
TXN-01072,CLI-0126,PRD-018,2024-08-16,2.0,29.98,Efectivo
TXN-02255,CLI-0200,PRD-007,2024-08-16,1.0,59.99,Tarjeta Débito
TXN-00946,CLI-0022,PRD-016,2024-08-17,5.0,1499.95,Tarjeta Crédito
TXN-00616,CLI-0103,PRD-014,2024-08-17,3.0,104.97,Tarjeta Crédito
TXN-01977,CLI-0067,PRD-010,2024-08-17,5.0,174.95,Tarjeta Débito
TXN-02957,CLI-0091,PRD-014,2024-08-17,4.0,139.96,Transferencia
TXN-00318,CLI-0112,PRD-017,2024-08-17,4.0,2199.96,Transferencia
TXN-01226,CLI-0026,PRD-012,2024-08-18,2.0,39.98,Tarjeta Crédito
TXN-02023,CLI-0052,PRD-001,2024-08-18,4.0,5199.96,Tarjeta Débito
TXN-00995,CLI-0147,PRD-006,2024-08-18,1.0,249.99,Tarjeta Crédito
TXN-00016,CLI-0183,PRD-008,2024-08-18,2.0,79.98,Tarjeta Crédito
TXN-00948,CLI-0056,PRD-003,2024-08-18,3.0,89.97,PayPal
TXN-01510,CLI-0088,PRD-006,2024-08-19,3.0,749.97,Transferencia
TXN-01962,CLI-0179,PRD-007,2024-08-19,4.0,239.96,Transferencia
TXN-01319,CLI-0072,PRD-011,2024-08-19,1.0,12.99,Transferencia
TXN-00267,CLI-0010,PRD-009,2024-08-20,5.0,,Transferencia
TXN-02129,CLI-0059,PRD-001,2024-08-20,1.0,1299.99,Tarjeta Crédito
TXN-00341,CLI-0179,PRD-004,2024-08-20,4.0,359.96,Tarjeta Crédito
TXN-02680,CLI-0050,PRD-018,2024-08-20,3.0,44.97,Tarjeta Débito
TXN-00697,CLI-0020,PRD-003,2024-08-20,1.0,29.99,Tarjeta Crédito
TXN-00419,CLI-0173,PRD-014,2024-08-20,2.0,69.98,PayPal
TXN-00457,CLI-0084,PRD-001,2024-08-20,4.0,5199.96,Tarjeta Crédito
TXN-02042,CLI-0012,PRD-001,2024-08-21,4.0,5199.96,Tarjeta Crédito
TXN-01885,CLI-0059,PRD-006,2024-08-21,4.0,999.96,Tarjeta Débito
TXN-00927,CLI-0062,PRD-011,2024-08-21,1.0,12.99,Tarjeta Débito
TXN-02528,CLI-0133,PRD-008,2024-08-21,3.0,119.97,Efectivo
TXN-01618,CLI-0146,PRD-012,2024-08-21,5.0,99.95,Tarjeta Débito
TXN-00782,CLI-0192,PRD-010,2024-08-21,2.0,69.98,Tarjeta Crédito
TXN-02006,CLI-0056,PRD-008,2024-08-21,3.0,119.97,Tarjeta Débito
TXN-01447,CLI-0035,PRD-021,2024-08-21,2.0,49.98,Transferencia
TXN-01480,CLI-0140,PRD-007,2024-08-22,1.0,59.99,Tarjeta Débito
TXN-02226,CLI-0144,PRD-014,2024-08-22,2.0,69.98,Tarjeta Crédito
TXN-01888,CLI-0103,PRD-012,2024-08-22,1.0,19.99,Tarjeta Débito
TXN-00399,CLI-0180,PRD-023,2024-08-22,1.0,349.99,Tarjeta Débito
TXN-00569,CLI-0004,PRD-005,2024-08-22,4.0,1799.96,Tarjeta Débito
TXN-02576,CLI-0127,PRD-011,2024-08-22,5.0,64.95,Transferencia
TXN-00786,CLI-0136,PRD-003,2024-08-22,1.0,29.99,Tarjeta Débito
TXN-02030,CLI-0067,PRD-010,2024-08-22,1.0,34.99,Tarjeta Crédito
TXN-02340,CLI-0129,PRD-015,2024-08-22,1.0,399.99,Transferencia
TXN-00877,CLI-0079,PRD-007,2024-08-22,2.0,119.98,Transferencia
TXN-02841,CLI-0085,PRD-003,2024-08-22,1.0,29.99,Tarjeta Crédito
TXN-01468,CLI-0013,PRD-014,2024-08-22,3.0,104.97,Transferencia
TXN-01927,CLI-0148,PRD-016,2024-08-22,2.0,599.98,Tarjeta Crédito
TXN-01251,CLI-0066,PRD-001,2024-08-23,5.0,6499.95,Tarjeta Débito
TXN-02485,CLI-0009,PRD-003,2024-08-23,2.0,59.98,Tarjeta Débito
TXN-01592,CLI-0051,PRD-020,2024-08-23,1.0,15.99,Tarjeta Crédito
TXN-00620,CLI-0195,PRD-020,2024-08-23,1.0,15.99,Tarjeta Débito
TXN-01738,CLI-0092,PRD-008,2024-08-23,1.0,39.99,Tarjeta Crédito
TXN-00971,CLI-0026,PRD-001,2024-08-23,1.0,1299.99,Transferencia
TXN-02814,CLI-0069,PRD-018,2024-08-23,5.0,74.95,Tarjeta Crédito
TXN-02239,CLI-0182,PRD-011,2024-08-23,1.0,12.99,Tarjeta Débito
TXN-01404,CLI-0038,PRD-004,2024-08-23,3.0,269.97,Tarjeta Crédito
TXN-02499,CLI-0004,PRD-001,2024-08-23,1.0,1299.99,Tarjeta Débito
TXN-01761,CLI-0097,PRD-001,2024-08-23,4.0,5199.96,Tarjeta Crédito
TXN-02625,CLI-0075,PRD-011,2024-08-23,2.0,25.98,Tarjeta Crédito
TXN-02085,CLI-0070,PRD-010,2024-08-23,2.0,69.98,PayPal
TXN-01270,CLI-0016,PRD-009,2024-08-23,4.0,299.96,Tarjeta Débito
TXN-01957,CLI-0119,PRD-012,2024-08-23,1.0,19.99,Transferencia
TXN-01808,CLI-0098,PRD-002,2024-08-24,4.0,2799.96,Tarjeta Crédito
TXN-00640,CLI-0035,PRD-016,2024-08-24,4.0,1199.96,Tarjeta Débito
TXN-02206,CLI-0188,PRD-025,2024-08-24,2.0,19.98,PayPal
TXN-02552,CLI-0179,PRD-009,2024-08-24,2.0,149.98,Tarjeta Débito
TXN-00362,CLI-0082,PRD-021,2024-08-25,5.0,124.95,PayPal
TXN-00524,CLI-0183,PRD-024,2024-08-25,5.0,149.95,PayPal
TXN-00334,CLI-0028,PRD-011,2024-08-25,5.0,64.95,Efectivo
TXN-01413,CLI-0057,PRD-016,2024-08-25,2.0,599.98,PayPal
TXN-01103,CLI-0025,PRD-020,2024-08-25,5.0,79.95,Transferencia
TXN-01326,CLI-0010,PRD-014,2024-08-25,1.0,34.99,Tarjeta Crédito
TXN-02995,CLI-0121,PRD-008,2024-08-25,1.0,39.99,Transferencia
TXN-02048,CLI-0118,PRD-007,2024-08-25,2.0,119.98,PayPal
TXN-02780,CLI-0025,PRD-021,2024-08-25,2.0,49.98,Tarjeta Débito
TXN-02018,CLI-0081,PRD-011,2024-08-25,1.0,12.99,PayPal
TXN-01824,CLI-0059,PRD-006,2024-08-25,1.0,249.99,Tarjeta Débito
TXN-02269,CLI-0154,PRD-002,2024-08-26,2.0,1399.98,Tarjeta Débito
TXN-01030,CLI-0061,PRD-020,2024-08-26,3.0,47.97,Tarjeta Crédito
TXN-02937,CLI-0033,PRD-014,2024-08-26,5.0,174.95,Tarjeta Débito
TXN-02532,CLI-0045,PRD-010,2024-08-26,3.0,104.97,Tarjeta Crédito
TXN-00837,CLI-0166,PRD-007,2024-08-26,2.0,119.98,Tarjeta Crédito
TXN-01097,CLI-0015,PRD-008,2024-08-26,2.0,79.98,Tarjeta Crédito
TXN-00478,CLI-0028,PRD-021,2024-08-26,2.0,49.98,Tarjeta Crédito
TXN-00999,CLI-0125,PRD-023,2024-08-26,2.0,699.98,Efectivo
TXN-00274,CLI-0038,PRD-010,2024-08-26,2.0,69.98,Transferencia
TXN-01147,CLI-0073,PRD-010,2024-08-27,2.0,69.98,Tarjeta Crédito
TXN-00106,CLI-0064,PRD-009,2024-08-27,2.0,149.98,Tarjeta Crédito
TXN-00303,CLI-0022,PRD-023,2024-08-27,4.0,1399.96,Tarjeta Débito
TXN-00396,CLI-0147,PRD-007,2024-08-27,2.0,119.98,Transferencia
TXN-02631,CLI-0027,PRD-018,2024-08-27,2.0,29.98,Tarjeta Crédito
TXN-00834,CLI-0162,PRD-008,2024-08-27,1.0,39.99,Transferencia
TXN-01534,CLI-0099,PRD-020,2024-08-27,2.0,31.98,PayPal
TXN-00886,CLI-0071,PRD-002,2024-08-27,1.0,699.99,Tarjeta Crédito
TXN-00493,CLI-0003,PRD-009,2024-08-27,1.0,74.99,Tarjeta Crédito
TXN-02467,CLI-0014,PRD-006,2024-08-27,2.0,499.98,Tarjeta Débito
TXN-02263,CLI-0046,PRD-011,2024-08-27,4.0,51.96,Tarjeta Crédito
TXN-00299,CLI-0015,PRD-008,2024-08-27,2.0,79.98,PayPal
TXN-02069,CLI-0071,PRD-011,2024-08-28,1.0,12.99,Tarjeta Crédito
TXN-00459,CLI-0134,PRD-020,2024-08-28,4.0,63.96,Tarjeta Crédito
TXN-00342,CLI-0056,PRD-012,2024-08-28,4.0,79.96,Efectivo
TXN-00700,CLI-0071,PRD-011,2024-08-28,5.0,64.95,Tarjeta Crédito
TXN-02297,CLI-0171,PRD-005,2024-08-28,1.0,449.99,Tarjeta Débito
TXN-02846,CLI-0148,PRD-018,2024-08-28,5.0,74.95,PayPal
TXN-02875,CLI-0124,PRD-013,2024-08-28,4.0,179.96,Tarjeta Crédito
TXN-01349,CLI-0121,PRD-004,2024-08-28,1.0,89.99,Tarjeta Crédito
TXN-02765,CLI-0074,PRD-018,2024-08-28,2.0,29.98,Transferencia
TXN-00049,CLI-0110,PRD-003,2024-08-29,1.0,29.99,Tarjeta Débito
TXN-01263,CLI-0131,PRD-004,2024-08-29,5.0,449.95,Tarjeta Débito
TXN-02661,CLI-0161,PRD-018,2024-08-29,5.0,74.95,Tarjeta Crédito
TXN-00195,CLI-0155,PRD-006,2024-08-29,3.0,749.97,Transferencia
TXN-01347,CLI-0106,PRD-003,2024-08-29,4.0,119.96,Tarjeta Crédito
TXN-00265,CLI-0131,PRD-018,2024-08-29,1.0,14.99,Tarjeta Crédito
TXN-00456,CLI-0176,PRD-010,2024-08-29,5.0,174.95,Tarjeta Débito
TXN-01437,CLI-0087,PRD-018,2024-08-30,4.0,59.96,Transferencia
TXN-02648,CLI-0096,PRD-021,2024-08-30,3.0,74.97,Tarjeta Crédito
TXN-01175,CLI-0194,PRD-012,2024-08-30,1.0,19.99,Tarjeta Crédito
TXN-01266,CLI-0040,PRD-019,2024-08-30,3.0,329.97,Transferencia
TXN-00386,CLI-0151,PRD-009,2024-08-30,4.0,299.96,Tarjeta Crédito
TXN-00981,CLI-0023,PRD-007,2024-08-30,3.0,179.97,Tarjeta Crédito
TXN-02163,CLI-0039,PRD-001,2024-08-30,1.0,1299.99,Tarjeta Débito
TXN-02833,CLI-0002,PRD-004,2024-08-30,3.0,269.97,Tarjeta Débito
TXN-00534,CLI-0096,PRD-002,2024-08-30,5.0,3499.95,Tarjeta Débito
TXN-02692,CLI-0070,PRD-011,2024-08-30,5.0,64.95,Transferencia
TXN-00037,CLI-0118,PRD-003,2024-08-30,4.0,119.96,Transferencia
TXN-02291,CLI-0073,PRD-023,2024-08-30,1.0,349.99,Tarjeta Débito
TXN-00344,CLI-0160,PRD-003,2024-08-30,4.0,119.96,Efectivo
TXN-02377,CLI-0039,PRD-016,2024-08-30,4.0,1199.96,Tarjeta Crédito
TXN-01139,CLI-0109,PRD-023,2024-08-30,3.0,1049.97,Tarjeta Débito
TXN-01789,CLI-0175,PRD-011,2024-08-31,3.0,38.97,Tarjeta Débito
TXN-01297,CLI-0011,PRD-001,2024-08-31,2.0,2599.98,Tarjeta Débito
TXN-01278,CLI-0018,PRD-013,2024-08-31,5.0,224.95,Tarjeta Crédito
TXN-01408,CLI-0120,PRD-010,2024-08-31,1.0,34.99,Transferencia
TXN-01685,CLI-0049,PRD-007,2024-08-31,2.0,119.98,Tarjeta Débito
TXN-02083,CLI-0045,PRD-007,2024-08-31,2.0,119.98,Tarjeta Crédito
TXN-00137,CLI-0178,PRD-007,2024-08-31,2.0,119.98,Tarjeta Crédito
TXN-01143,CLI-0101,PRD-013,2024-08-31,1.0,44.99,Efectivo
TXN-01791,CLI-0057,PRD-005,2024-09-01,1.0,449.99,Tarjeta Crédito
TXN-02805,CLI-0131,PRD-019,2024-09-01,4.0,439.96,Transferencia
TXN-01858,CLI-0057,PRD-004,2024-09-01,1.0,89.99,PayPal
TXN-02822,CLI-0174,PRD-012,2024-09-01,4.0,79.96,Tarjeta Crédito
TXN-01200,CLI-0152,PRD-012,2024-09-01,2.0,39.98,Tarjeta Crédito
TXN-01376,CLI-0008,PRD-003,2024-09-01,1.0,29.99,Tarjeta Crédito
TXN-02926,CLI-0142,PRD-018,2024-09-01,2.0,29.98,PayPal
TXN-02558,CLI-0130,PRD-022,2024-09-02,1.0,89.99,Transferencia
TXN-01669,CLI-0177,PRD-006,2024-09-02,1.0,249.99,Tarjeta Débito
TXN-01459,CLI-0087,PRD-018,2024-09-02,4.0,59.96,Tarjeta Débito
TXN-02931,CLI-0181,PRD-004,2024-09-02,4.0,359.96,Tarjeta Crédito
TXN-02244,CLI-0062,PRD-019,2024-09-02,2.0,219.98,Tarjeta Débito
TXN-00568,CLI-0013,PRD-017,2024-09-02,2.0,1099.98,Transferencia
TXN-01730,CLI-0010,PRD-003,2024-09-02,2.0,59.98,Tarjeta Crédito
TXN-02464,CLI-0140,PRD-006,2024-09-02,1.0,249.99,Tarjeta Crédito
TXN-01049,CLI-0169,PRD-006,2024-09-02,1.0,249.99,Tarjeta Crédito
TXN-00472,CLI-0087,PRD-003,2024-09-02,2.0,59.98,Efectivo
TXN-00667,CLI-0146,PRD-011,2024-09-02,5.0,64.95,Transferencia
TXN-00427,CLI-0065,PRD-002,2024-09-02,5.0,3499.95,Tarjeta Crédito
TXN-00666,CLI-0152,PRD-010,2024-09-02,1.0,34.99,Tarjeta Crédito
TXN-02290,CLI-0117,PRD-016,2024-09-03,2.0,599.98,Tarjeta Débito
TXN-00446,CLI-0045,PRD-013,2024-09-03,1.0,44.99,Tarjeta Débito
TXN-02719,CLI-0034,PRD-004,2024-09-03,2.0,179.98,Transferencia
TXN-01009,CLI-0058,PRD-014,2024-09-03,4.0,139.96,PayPal
TXN-02920,CLI-0153,PRD-017,2024-09-03,1.0,549.99,Efectivo
TXN-00394,CLI-0187,PRD-008,2024-09-03,5.0,199.95,PayPal
TXN-00674,CLI-0174,PRD-018,2024-09-03,3.0,44.97,PayPal
TXN-01876,CLI-0076,PRD-007,2024-09-03,5.0,299.95,Tarjeta Débito
TXN-02025,CLI-0171,PRD-003,2024-09-03,1.0,29.99,Tarjeta Crédito
TXN-00480,CLI-0194,PRD-012,2024-09-04,2.0,39.98,Tarjeta Crédito
TXN-02791,CLI-0065,PRD-003,2024-09-04,1.0,29.99,Tarjeta Débito
TXN-01792,CLI-0093,PRD-002,2024-09-04,1.0,699.99,Transferencia
TXN-02928,CLI-0020,PRD-003,2024-09-04,1.0,29.99,Tarjeta Crédito
TXN-00540,CLI-0030,PRD-004,2024-09-04,5.0,449.95,Tarjeta Crédito
TXN-02572,CLI-0044,PRD-010,2024-09-04,2.0,69.98,Transferencia
TXN-02697,CLI-0140,PRD-009,2024-09-04,3.0,224.97,PayPal
TXN-00854,CLI-0161,PRD-020,2024-09-05,2.0,31.98,Transferencia
TXN-01310,CLI-0198,PRD-008,2024-09-05,1.0,39.99,PayPal
TXN-00163,CLI-0022,PRD-008,2024-09-05,1.0,39.99,Tarjeta Crédito
TXN-02039,CLI-0041,PRD-019,2024-09-05,1.0,109.99,Tarjeta Débito
TXN-00375,CLI-0035,PRD-015,2024-09-05,4.0,1599.96,PayPal
TXN-00614,CLI-0013,PRD-001,2024-09-05,2.0,2599.98,Tarjeta Crédito
TXN-01257,CLI-0124,PRD-014,2024-09-05,2.0,69.98,Transferencia
TXN-02235,CLI-0120,PRD-005,2024-09-06,2.0,899.98,Tarjeta Crédito
TXN-01087,CLI-0028,PRD-003,2024-09-06,1.0,29.99,Tarjeta Crédito
TXN-02481,CLI-0177,PRD-006,2024-09-06,1.0,249.99,PayPal
TXN-01629,CLI-0028,PRD-018,2024-09-06,3.0,44.97,Tarjeta Débito
TXN-01597,CLI-0166,PRD-020,2024-09-06,2.0,31.98,Tarjeta Débito
TXN-01743,CLI-0049,PRD-013,2024-09-06,4.0,179.96,PayPal
TXN-00945,CLI-0184,PRD-013,2024-09-06,2.0,89.98,Transferencia
TXN-01990,CLI-0052,PRD-007,2024-09-06,1.0,59.99,Tarjeta Débito
TXN-00317,CLI-0154,PRD-014,2024-09-06,2.0,69.98,Tarjeta Crédito
TXN-01676,CLI-0196,PRD-012,2024-09-07,2.0,39.98,PayPal
TXN-01874,CLI-0027,PRD-020,2024-09-07,3.0,47.97,Tarjeta Débito
TXN-01394,CLI-0044,PRD-004,2024-09-07,4.0,359.96,Tarjeta Crédito
TXN-00883,CLI-0058,PRD-006,2024-09-07,2.0,499.98,Tarjeta Débito
TXN-00836,CLI-0157,PRD-010,2024-09-07,3.0,104.97,Tarjeta Débito
TXN-01657,CLI-0199,PRD-011,2024-09-07,2.0,25.98,Efectivo
TXN-00732,CLI-0048,PRD-006,2024-09-07,2.0,499.98,Efectivo
TXN-00490,CLI-0142,PRD-003,2024-09-07,2.0,59.98,Transferencia
TXN-01160,CLI-0079,PRD-006,2024-09-08,1.0,249.99,Tarjeta Crédito
TXN-02302,CLI-0042,PRD-018,2024-09-08,2.0,29.98,Tarjeta Crédito
TXN-01636,CLI-0001,PRD-009,2024-09-08,1.0,74.99,Transferencia
TXN-02072,CLI-0041,PRD-004,2024-09-09,2.0,179.98,Tarjeta Débito
TXN-01196,CLI-0046,PRD-012,2024-09-09,5.0,99.95,Tarjeta Crédito
TXN-02279,CLI-0071,PRD-007,2024-09-09,1.0,59.99,Tarjeta Crédito
TXN-01583,CLI-0166,PRD-014,2024-09-09,1.0,34.99,Tarjeta Débito
TXN-01621,CLI-0063,PRD-003,2024-09-09,5.0,149.95,Tarjeta Débito
TXN-00221,CLI-0122,PRD-007,2024-09-09,1.0,59.99,Tarjeta Débito
TXN-01403,CLI-0051,PRD-017,2024-09-09,1.0,549.99,Tarjeta Crédito
TXN-00547,CLI-0004,PRD-003,2024-09-09,4.0,119.96,Tarjeta Crédito
TXN-02451,CLI-0059,PRD-007,2024-09-09,1.0,59.99,Tarjeta Débito
TXN-02504,CLI-0075,PRD-009,2024-09-09,5.0,374.95,Tarjeta Débito
TXN-01183,CLI-0063,PRD-010,2024-09-09,4.0,139.96,Transferencia
TXN-02910,CLI-0197,PRD-021,2024-09-09,1.0,24.99,PayPal
TXN-00978,CLI-0017,PRD-011,2024-09-09,1.0,12.99,Tarjeta Crédito
TXN-02174,CLI-0155,PRD-012,2024-09-09,4.0,79.96,Tarjeta Crédito
TXN-00957,CLI-0052,PRD-010,2024-09-09,3.0,104.97,Tarjeta Débito
TXN-00257,CLI-0074,PRD-020,2024-09-10,1.0,15.99,Tarjeta Débito
TXN-01524,CLI-0181,PRD-013,2024-09-10,2.0,89.98,Tarjeta Débito
TXN-01070,CLI-0158,PRD-018,2024-09-10,1.0,14.99,PayPal
TXN-00339,CLI-0185,PRD-014,2024-09-10,5.0,174.95,Tarjeta Crédito
TXN-01402,CLI-0145,PRD-005,2024-09-10,2.0,899.98,Transferencia
TXN-01837,CLI-0167,PRD-025,2024-09-10,1.0,9.99,Efectivo
TXN-00026,CLI-0192,PRD-014,2024-09-10,1.0,34.99,Transferencia
TXN-02557,CLI-0137,PRD-007,2024-09-11,1.0,59.99,Tarjeta Crédito
TXN-01364,CLI-0191,PRD-010,2024-09-11,2.0,69.98,Transferencia
TXN-00503,CLI-0035,PRD-010,2024-09-11,4.0,139.96,Efectivo
TXN-00501,CLI-0125,PRD-021,2024-09-11,5.0,124.95,Tarjeta Crédito
TXN-01045,CLI-0087,PRD-011,2024-09-11,2.0,25.98,Tarjeta Débito
TXN-02834,CLI-0103,PRD-003,2024-09-12,2.0,59.98,Tarjeta Crédito
TXN-00748,CLI-0116,PRD-007,2024-09-12,5.0,299.95,Tarjeta Débito
TXN-00351,CLI-0136,PRD-003,2024-09-12,5.0,149.95,Tarjeta Débito
TXN-02682,CLI-0106,PRD-003,2024-09-12,5.0,149.95,Tarjeta Débito
TXN-02906,CLI-0146,PRD-007,2024-09-12,4.0,239.96,Efectivo
TXN-02124,CLI-0156,PRD-003,2024-09-12,5.0,149.95,Tarjeta Débito
TXN-00393,CLI-0188,PRD-007,2024-09-13,1.0,59.99,Tarjeta Débito
TXN-01579,CLI-0058,PRD-021,2024-09-13,2.0,49.98,Tarjeta Débito
TXN-00426,CLI-0153,PRD-014,2024-09-13,2.0,69.98,Tarjeta Débito
TXN-00644,CLI-0102,PRD-014,2024-09-13,1.0,34.99,Tarjeta Crédito
TXN-01514,CLI-0188,PRD-001,2024-09-13,2.0,2599.98,Tarjeta Crédito
TXN-00848,CLI-0125,PRD-024,2024-09-13,2.0,59.98,Tarjeta Débito
TXN-01237,CLI-0030,PRD-004,2024-09-13,2.0,179.98,PayPal
TXN-00831,CLI-0086,PRD-009,2024-09-13,2.0,149.98,PayPal
TXN-00933,CLI-0042,PRD-008,2024-09-13,2.0,79.98,Tarjeta Débito
TXN-00579,CLI-0110,PRD-005,2024-09-13,3.0,1349.97,Tarjeta Crédito
TXN-01638,CLI-0096,PRD-011,2024-09-13,5.0,64.95,Transferencia
TXN-01190,CLI-0200,PRD-023,2024-09-13,5.0,1749.95,PayPal
TXN-00088,CLI-0078,PRD-004,2024-09-13,1.0,89.99,Tarjeta Crédito
TXN-01502,CLI-0108,PRD-006,2024-09-13,2.0,499.98,Tarjeta Crédito
TXN-02606,CLI-0046,PRD-019,2024-09-13,1.0,109.99,Tarjeta Crédito
TXN-00536,CLI-0048,PRD-011,2024-09-13,5.0,64.95,Tarjeta Crédito
TXN-00397,CLI-0028,PRD-003,2024-09-13,1.0,29.99,Tarjeta Débito
TXN-00234,CLI-0170,PRD-003,2024-09-14,5.0,149.95,Transferencia
TXN-01563,CLI-0097,PRD-006,2024-09-14,3.0,749.97,PayPal
TXN-01141,CLI-0018,PRD-001,2024-09-14,1.0,1299.99,Tarjeta Débito
TXN-01028,CLI-0185,PRD-003,2024-09-14,,29.99,Tarjeta Débito
TXN-01923,CLI-0150,PRD-008,2024-09-14,1.0,39.99,Tarjeta Crédito
TXN-02185,CLI-0193,PRD-003,2024-09-14,2.0,59.98,Transferencia
TXN-02983,CLI-0061,PRD-008,2024-09-14,1.0,39.99,Efectivo
TXN-01736,CLI-0136,PRD-020,2024-09-15,2.0,31.98,Tarjeta Débito
TXN-01409,CLI-0200,PRD-003,2024-09-15,1.0,29.99,Tarjeta Crédito
TXN-01453,CLI-0072,PRD-010,2024-09-15,1.0,34.99,Transferencia
TXN-01080,CLI-0192,PRD-024,2024-09-15,1.0,29.99,PayPal
TXN-02032,CLI-0186,PRD-008,2024-09-15,3.0,119.97,Tarjeta Crédito
TXN-00747,CLI-0024,PRD-009,2024-09-15,1.0,74.99,PayPal
TXN-01348,CLI-0085,PRD-018,2024-09-15,4.0,59.96,Tarjeta Crédito
TXN-01779,CLI-0056,PRD-007,2024-09-15,1.0,59.99,Tarjeta Crédito
TXN-02918,CLI-0177,PRD-006,2024-09-15,2.0,499.98,Efectivo
TXN-02984,CLI-0166,PRD-014,2024-09-16,1.0,34.99,Tarjeta Débito
TXN-01481,CLI-0024,PRD-014,2024-09-16,3.0,104.97,Tarjeta Débito
TXN-00960,CLI-0165,PRD-001,2024-09-16,,3899.97,Tarjeta Crédito
TXN-00507,CLI-0173,PRD-020,2024-09-16,2.0,31.98,Tarjeta Crédito
TXN-02656,CLI-0026,PRD-007,2024-09-16,2.0,119.98,Tarjeta Crédito
TXN-00041,CLI-0011,PRD-024,2024-09-16,3.0,89.97,Tarjeta Débito
TXN-02628,CLI-0155,PRD-012,2024-09-16,2.0,39.98,Tarjeta Crédito
TXN-01646,CLI-0167,PRD-002,2024-09-16,1.0,699.99,Tarjeta Crédito
TXN-01313,CLI-0149,PRD-006,2024-09-16,1.0,249.99,Transferencia
TXN-02835,CLI-0101,PRD-017,2024-09-16,2.0,1099.98,Tarjeta Débito
TXN-00817,CLI-0069,PRD-010,2024-09-16,2.0,69.98,Tarjeta Débito
TXN-02190,CLI-0156,PRD-008,2024-09-16,2.0,79.98,Efectivo
TXN-00417,CLI-0163,PRD-004,2024-09-17,2.0,179.98,PayPal
TXN-01265,CLI-0012,PRD-003,2024-09-17,2.0,59.98,Transferencia
TXN-00580,CLI-0009,PRD-019,2024-09-17,2.0,219.98,Tarjeta Crédito
TXN-00011,CLI-0020,PRD-006,2024-09-17,2.0,499.98,Tarjeta Crédito
TXN-01024,CLI-0036,PRD-002,2024-09-17,1.0,699.99,Tarjeta Débito
TXN-00909,CLI-0128,PRD-004,2024-09-17,1.0,89.99,Transferencia
TXN-00387,CLI-0184,PRD-018,2024-09-17,3.0,44.97,Tarjeta Débito
TXN-02513,CLI-0106,PRD-020,2024-09-17,5.0,79.95,Tarjeta Débito
TXN-00200,CLI-0029,PRD-014,2024-09-17,4.0,139.96,Tarjeta Débito
TXN-02925,CLI-0186,PRD-009,2024-09-17,3.0,224.97,Tarjeta Crédito
TXN-02905,CLI-0049,PRD-010,2024-09-17,1.0,34.99,Transferencia
TXN-02807,CLI-0194,PRD-003,2024-09-17,1.0,29.99,PayPal
TXN-01886,CLI-0096,PRD-018,2024-09-17,5.0,74.95,Tarjeta Débito
TXN-00517,CLI-0073,PRD-008,2024-09-17,1.0,39.99,Efectivo
TXN-01260,CLI-0020,PRD-005,2024-09-18,1.0,449.99,PayPal
TXN-00218,CLI-0108,PRD-002,2024-09-18,2.0,1399.98,Transferencia
TXN-01235,CLI-0142,PRD-016,2024-09-18,1.0,299.99,PayPal
TXN-02187,CLI-0099,PRD-013,2024-09-18,2.0,89.98,Tarjeta Débito
TXN-00839,CLI-0097,PRD-006,2024-09-18,2.0,499.98,Tarjeta Crédito
TXN-02825,CLI-0188,PRD-001,2024-09-18,4.0,5199.96,Transferencia
TXN-01476,CLI-0186,PRD-021,2024-09-18,5.0,124.95,Transferencia
TXN-02801,CLI-0017,PRD-006,2024-09-18,3.0,749.97,Transferencia
TXN-00498,CLI-0146,PRD-020,2024-09-19,5.0,79.95,Tarjeta Crédito
TXN-02217,CLI-0131,PRD-003,2024-09-19,2.0,59.98,Tarjeta Débito
TXN-00101,CLI-0106,PRD-020,2024-09-19,1.0,15.99,Tarjeta Crédito
TXN-02350,CLI-0154,PRD-020,2024-09-19,2.0,31.98,Tarjeta Crédito
TXN-00066,CLI-0118,PRD-004,2024-09-19,3.0,269.97,Tarjeta Crédito
TXN-00078,CLI-0028,PRD-006,2024-09-19,2.0,499.98,Efectivo
TXN-02248,CLI-0200,PRD-003,2024-09-19,2.0,59.98,Tarjeta Débito
TXN-01162,CLI-0015,PRD-007,2024-09-19,1.0,59.99,PayPal
TXN-02169,CLI-0116,PRD-002,2024-09-19,1.0,699.99,PayPal
TXN-02277,CLI-0037,PRD-009,2024-09-19,4.0,299.96,Transferencia
TXN-02034,CLI-0069,PRD-003,2024-09-20,5.0,149.95,Tarjeta Crédito
TXN-00872,CLI-0113,PRD-012,2024-09-20,4.0,79.96,PayPal
TXN-02373,CLI-0041,PRD-020,2024-09-20,2.0,31.98,Transferencia
TXN-01194,CLI-0118,PRD-011,2024-09-20,1.0,12.99,Tarjeta Débito
TXN-00900,CLI-0078,PRD-012,2024-09-20,1.0,19.99,Efectivo
TXN-01782,CLI-0182,PRD-009,2024-09-20,1.0,74.99,Tarjeta Crédito
TXN-01757,CLI-0050,PRD-012,2024-09-20,1.0,19.99,Transferencia
TXN-02989,CLI-0001,PRD-007,2024-09-20,3.0,179.97,PayPal
TXN-01822,CLI-0042,PRD-001,2024-09-20,5.0,6499.95,Transferencia
TXN-00383,CLI-0051,PRD-024,2024-09-20,1.0,29.99,Tarjeta Débito
TXN-01710,CLI-0164,PRD-007,2024-09-20,1.0,59.99,PayPal
TXN-00408,CLI-0080,PRD-007,2024-09-20,5.0,299.95,Efectivo
TXN-01704,CLI-0077,PRD-007,2024-09-20,2.0,119.98,Efectivo
TXN-01760,CLI-0078,PRD-005,2024-09-20,2.0,899.98,Tarjeta Débito
TXN-01952,CLI-0017,PRD-020,2024-09-21,1.0,15.99,Tarjeta Crédito
TXN-00891,CLI-0070,PRD-007,2024-09-21,4.0,239.96,Efectivo
TXN-01911,CLI-0179,PRD-018,2024-09-21,3.0,44.97,Tarjeta Crédito
TXN-00283,CLI-0175,PRD-020,2024-09-22,,63.96,Tarjeta Crédito
TXN-02942,CLI-0189,PRD-008,2024-09-22,3.0,119.97,Efectivo
TXN-00859,CLI-0188,PRD-009,2024-09-22,1.0,74.99,Tarjeta Crédito
TXN-01843,CLI-0168,PRD-003,2024-09-22,2.0,59.98,Transferencia
TXN-01499,CLI-0186,PRD-006,2024-09-23,1.0,249.99,Tarjeta Débito
TXN-00373,CLI-0183,PRD-010,2024-09-23,5.0,174.95,Efectivo
TXN-01909,CLI-0137,PRD-002,2024-09-23,1.0,699.99,Tarjeta Débito
TXN-02147,CLI-0053,PRD-002,2024-09-23,1.0,699.99,Tarjeta Crédito
TXN-01625,CLI-0093,PRD-002,2024-09-23,3.0,2099.97,Tarjeta Débito
TXN-01223,CLI-0078,PRD-004,2024-09-23,5.0,449.95,Tarjeta Crédito
TXN-01304,CLI-0181,PRD-011,2024-09-24,2.0,25.98,Efectivo
TXN-02232,CLI-0047,PRD-003,2024-09-24,2.0,59.98,Transferencia
TXN-00686,CLI-0078,PRD-021,2024-09-24,2.0,49.98,Transferencia
TXN-01623,CLI-0105,PRD-010,2024-09-24,5.0,174.95,Tarjeta Crédito
TXN-02462,CLI-0144,PRD-013,2024-09-24,5.0,224.95,Transferencia
TXN-02063,CLI-0116,PRD-021,2024-09-24,4.0,99.96,Tarjeta Débito
TXN-02994,CLI-0026,PRD-003,2024-09-24,1.0,29.99,Tarjeta Crédito
TXN-02487,CLI-0185,PRD-017,2024-09-24,1.0,549.99,Transferencia
TXN-00212,CLI-0135,PRD-014,2024-09-24,3.0,104.97,Tarjeta Crédito
TXN-02868,CLI-0005,PRD-008,2024-09-24,2.0,79.98,Tarjeta Crédito
TXN-00656,CLI-0017,PRD-003,2024-09-25,1.0,29.99,Tarjeta Débito
TXN-00358,CLI-0197,PRD-013,2024-09-25,2.0,89.98,PayPal
TXN-01184,CLI-0131,PRD-018,2024-09-25,1.0,14.99,Tarjeta Crédito
TXN-00437,CLI-0158,PRD-002,2024-09-25,2.0,1399.98,Tarjeta Débito
TXN-02752,CLI-0099,PRD-003,2024-09-26,2.0,59.98,PayPal
TXN-00139,CLI-0043,PRD-012,2024-09-26,3.0,59.97,Tarjeta Débito
TXN-02173,CLI-0186,PRD-020,2024-09-26,5.0,79.95,Tarjeta Crédito
TXN-00359,CLI-0025,PRD-024,2024-09-26,2.0,59.98,Transferencia
TXN-00763,CLI-0047,PRD-004,2024-09-26,1.0,89.99,Transferencia
TXN-02696,CLI-0167,PRD-009,2024-09-26,1.0,74.99,Tarjeta Débito
TXN-00578,CLI-0191,PRD-002,2024-09-26,2.0,1399.98,Tarjeta Crédito
TXN-01340,CLI-0001,PRD-016,2024-09-26,1.0,299.99,Tarjeta Crédito
TXN-02993,CLI-0175,PRD-019,2024-09-26,2.0,219.98,Tarjeta Crédito
TXN-01015,CLI-0023,PRD-006,2024-09-26,4.0,999.96,Efectivo
TXN-00528,CLI-0125,PRD-015,2024-09-26,1.0,399.99,Tarjeta Débito
TXN-00104,CLI-0064,PRD-016,2024-09-27,1.0,299.99,Tarjeta Débito
TXN-00923,CLI-0185,PRD-014,2024-09-27,2.0,69.98,Transferencia
TXN-01555,CLI-0159,PRD-003,2024-09-27,5.0,149.95,Tarjeta Crédito
TXN-00390,CLI-0076,PRD-002,2024-09-27,2.0,1399.98,Tarjeta Crédito
TXN-01134,CLI-0146,PRD-007,2024-09-27,2.0,119.98,PayPal
TXN-01421,CLI-0096,PRD-012,2024-09-27,1.0,19.99,Transferencia
TXN-01204,CLI-0129,PRD-002,2024-09-27,1.0,699.99,Tarjeta Débito
TXN-01495,CLI-0003,PRD-018,2024-09-27,1.0,14.99,Tarjeta Crédito
TXN-02444,CLI-0159,PRD-006,2024-09-27,1.0,249.99,PayPal
TXN-01062,CLI-0061,PRD-009,2024-09-27,4.0,299.96,PayPal
TXN-00053,CLI-0117,PRD-009,2024-09-27,1.0,74.99,Tarjeta Débito
TXN-02900,CLI-0063,PRD-002,2024-09-27,2.0,1399.98,Tarjeta Crédito
TXN-02731,CLI-0116,PRD-012,2024-09-28,5.0,99.95,Transferencia
TXN-02550,CLI-0068,PRD-016,2024-09-28,3.0,899.97,PayPal
TXN-00261,CLI-0199,PRD-020,2024-09-28,2.0,31.98,Tarjeta Crédito
TXN-01766,CLI-0122,PRD-008,2024-09-28,1.0,39.99,PayPal
TXN-01138,CLI-0074,PRD-015,2024-09-28,1.0,399.99,Efectivo
TXN-02043,CLI-0013,PRD-010,2024-09-28,3.0,104.97,Tarjeta Crédito
TXN-01501,CLI-0130,PRD-016,2024-09-28,1.0,299.99,Tarjeta Crédito
TXN-02790,CLI-0149,PRD-007,2024-09-28,5.0,299.95,Tarjeta Débito
TXN-00010,CLI-0137,PRD-014,2024-09-28,1.0,34.99,PayPal
TXN-00217,CLI-0161,PRD-006,2024-09-28,3.0,749.97,Transferencia
TXN-00969,CLI-0054,PRD-010,2024-09-29,2.0,69.98,PayPal
TXN-02195,CLI-0084,PRD-018,2024-09-29,4.0,59.96,Transferencia
TXN-02205,CLI-0162,PRD-016,2024-09-29,5.0,1499.95,Tarjeta Débito
TXN-02554,CLI-0044,PRD-008,2024-09-29,1.0,39.99,Tarjeta Crédito
TXN-01894,CLI-0160,PRD-023,2024-09-29,2.0,699.98,PayPal
TXN-02370,CLI-0138,PRD-001,2024-09-29,2.0,2599.98,Tarjeta Crédito
TXN-02423,CLI-0180,PRD-003,2024-09-30,5.0,149.95,Transferencia
TXN-01102,CLI-0074,PRD-002,2024-09-30,3.0,2099.97,Tarjeta Débito
TXN-00860,CLI-0070,PRD-006,2024-09-30,3.0,749.97,Tarjeta Débito
TXN-02000,CLI-0068,PRD-018,2024-09-30,1.0,14.99,Tarjeta Débito
TXN-01845,CLI-0132,PRD-023,2024-09-30,4.0,1399.96,Tarjeta Débito
TXN-01137,CLI-0152,PRD-003,2024-09-30,1.0,29.99,PayPal
TXN-00903,CLI-0076,PRD-013,2024-10-01,1.0,44.99,PayPal
TXN-02160,CLI-0182,PRD-009,2024-10-01,4.0,299.96,Transferencia
TXN-02194,CLI-0043,PRD-018,2024-10-01,1.0,14.99,Tarjeta Crédito
TXN-00119,CLI-0161,PRD-016,2024-10-01,3.0,899.97,Efectivo
TXN-00250,CLI-0150,PRD-003,2024-10-01,2.0,59.98,Tarjeta Débito
TXN-01897,CLI-0167,PRD-006,2024-10-01,1.0,249.99,PayPal
TXN-01071,CLI-0149,PRD-007,2024-10-02,3.0,179.97,Transferencia
TXN-01713,CLI-0019,PRD-008,2024-10-02,4.0,,Tarjeta Débito
TXN-01800,CLI-0040,PRD-006,2024-10-02,2.0,499.98,Tarjeta Débito
TXN-02306,CLI-0058,PRD-008,2024-10-02,2.0,79.98,Transferencia
TXN-01288,CLI-0084,PRD-007,2024-10-02,1.0,59.99,Transferencia
TXN-01935,CLI-0185,PRD-016,2024-10-02,1.0,299.99,Tarjeta Crédito
TXN-01416,CLI-0033,PRD-010,2024-10-02,1.0,34.99,Tarjeta Crédito
TXN-00961,CLI-0065,PRD-005,2024-10-03,1.0,449.99,Tarjeta Crédito
TXN-02469,CLI-0099,PRD-022,2024-10-03,1.0,89.99,Tarjeta Crédito
TXN-02578,CLI-0030,PRD-007,2024-10-03,2.0,119.98,Efectivo
TXN-02472,CLI-0106,PRD-004,2024-10-03,3.0,269.97,Efectivo
TXN-00651,CLI-0179,PRD-009,2024-10-04,2.0,149.98,Efectivo
TXN-01545,CLI-0151,PRD-012,2024-10-04,3.0,59.97,Tarjeta Crédito
TXN-01702,CLI-0145,PRD-013,2024-10-04,4.0,179.96,Tarjeta Crédito
TXN-00643,CLI-0177,PRD-019,2024-10-04,5.0,549.95,Transferencia
TXN-00238,CLI-0055,PRD-020,2024-10-04,3.0,47.97,Transferencia
TXN-00766,CLI-0096,PRD-006,2024-10-04,1.0,249.99,Tarjeta Débito
TXN-01652,CLI-0150,PRD-020,2024-10-04,4.0,63.96,Tarjeta Débito
TXN-02839,CLI-0180,PRD-015,2024-10-04,4.0,1599.96,Tarjeta Débito
TXN-01486,CLI-0057,PRD-004,2024-10-04,2.0,179.98,Tarjeta Crédito
TXN-02861,CLI-0048,PRD-012,2024-10-04,5.0,99.95,Tarjeta Crédito
TXN-00576,CLI-0008,PRD-010,2024-10-04,4.0,139.96,Tarjeta Crédito
TXN-02258,CLI-0085,PRD-010,2024-10-04,2.0,69.98,Transferencia
TXN-02086,CLI-0125,PRD-004,2024-10-04,2.0,179.98,Transferencia
TXN-00056,CLI-0053,PRD-015,2024-10-04,2.0,799.98,Tarjeta Débito
TXN-00809,CLI-0130,PRD-020,2024-10-04,4.0,63.96,Tarjeta Crédito
TXN-01498,CLI-0123,PRD-014,2024-10-04,4.0,139.96,Tarjeta Crédito
TXN-02583,CLI-0067,PRD-007,2024-10-04,2.0,119.98,Efectivo
TXN-01696,CLI-0084,PRD-019,2024-10-04,1.0,109.99,Tarjeta Débito
TXN-02203,CLI-0009,PRD-003,2024-10-05,1.0,29.99,Transferencia
TXN-02109,CLI-0037,PRD-018,2024-10-05,5.0,74.95,Tarjeta Débito
TXN-00821,CLI-0051,PRD-003,2024-10-05,5.0,149.95,Tarjeta Crédito
TXN-02252,CLI-0199,PRD-009,2024-10-05,1.0,74.99,Tarjeta Crédito
TXN-02617,CLI-0057,PRD-004,2024-10-05,1.0,89.99,Efectivo
TXN-02874,CLI-0131,PRD-003,2024-10-05,1.0,29.99,Tarjeta Débito
TXN-01943,CLI-0102,PRD-003,2024-10-05,3.0,89.97,Tarjeta Crédito
TXN-01119,CLI-0096,PRD-010,2024-10-06,1.0,34.99,Tarjeta Crédito
TXN-02220,CLI-0090,PRD-003,2024-10-06,3.0,89.97,Transferencia
TXN-01282,CLI-0117,PRD-018,2024-10-06,2.0,29.98,Tarjeta Débito
TXN-01043,CLI-0079,PRD-002,2024-10-06,1.0,699.99,PayPal
TXN-02241,CLI-0166,PRD-003,2024-10-06,2.0,59.98,PayPal
TXN-02280,CLI-0151,PRD-006,2024-10-07,2.0,499.98,Tarjeta Débito
TXN-01273,CLI-0044,PRD-006,2024-10-07,1.0,249.99,Tarjeta Crédito
TXN-02506,CLI-0131,PRD-002,2024-10-07,2.0,1399.98,Tarjeta Crédito
TXN-00249,CLI-0173,PRD-025,2024-10-07,1.0,9.99,Transferencia
TXN-01352,CLI-0197,PRD-013,2024-10-07,4.0,179.96,Tarjeta Crédito
TXN-02529,CLI-0118,PRD-008,2024-10-07,1.0,39.99,PayPal
TXN-02605,CLI-0180,PRD-020,2024-10-07,1.0,15.99,Tarjeta Débito
TXN-02523,CLI-0052,PRD-012,2024-10-07,1.0,19.99,Tarjeta Débito
TXN-00825,CLI-0170,PRD-012,2024-10-07,1.0,19.99,Tarjeta Débito
TXN-01959,CLI-0198,PRD-019,2024-10-08,5.0,549.95,Transferencia
TXN-01724,CLI-0010,PRD-019,2024-10-08,1.0,109.99,Tarjeta Crédito
TXN-00246,CLI-0177,PRD-007,2024-10-08,3.0,179.97,Transferencia
TXN-02415,CLI-0109,PRD-007,2024-10-08,2.0,119.98,Transferencia
TXN-01417,CLI-0187,PRD-015,2024-10-09,1.0,399.99,PayPal
TXN-00174,CLI-0186,PRD-023,2024-10-09,2.0,699.98,Tarjeta Crédito
TXN-02520,CLI-0119,PRD-018,2024-10-09,5.0,74.95,Tarjeta Crédito
TXN-00725,CLI-0178,PRD-002,2024-10-09,1.0,699.99,Transferencia
TXN-01958,CLI-0162,PRD-006,2024-10-09,1.0,249.99,Tarjeta Crédito
TXN-00699,CLI-0059,PRD-003,2024-10-09,5.0,149.95,Tarjeta Crédito
TXN-02604,CLI-0104,PRD-015,2024-10-09,1.0,399.99,Tarjeta Crédito
TXN-02670,CLI-0039,PRD-018,2024-10-10,5.0,74.95,Transferencia
TXN-01612,CLI-0164,PRD-005,2024-10-10,3.0,1349.97,Tarjeta Débito
TXN-02213,CLI-0085,PRD-021,2024-10-10,4.0,99.96,Tarjeta Débito
TXN-02930,CLI-0019,PRD-005,2024-10-10,1.0,449.99,Tarjeta Débito
TXN-01589,CLI-0105,PRD-010,2024-10-10,2.0,69.98,PayPal
TXN-01500,CLI-0076,PRD-003,2024-10-10,3.0,89.97,Tarjeta Crédito
TXN-02448,CLI-0002,PRD-003,2024-10-10,4.0,119.96,Transferencia
TXN-02763,CLI-0042,PRD-018,2024-10-10,4.0,59.96,Tarjeta Crédito
TXN-02421,CLI-0068,PRD-017,2024-10-10,1.0,549.99,Transferencia
TXN-02403,CLI-0054,PRD-012,2024-10-10,3.0,59.97,Tarjeta Crédito
TXN-00548,CLI-0191,PRD-020,2024-10-11,1.0,15.99,Transferencia
TXN-01950,CLI-0108,PRD-003,2024-10-11,2.0,59.98,Tarjeta Débito
TXN-02673,CLI-0176,PRD-010,2024-10-11,1.0,34.99,Tarjeta Débito
TXN-01489,CLI-0154,PRD-008,2024-10-11,2.0,79.98,Transferencia
TXN-01180,CLI-0076,PRD-002,2024-10-11,3.0,2099.97,Tarjeta Crédito
TXN-01327,CLI-0140,PRD-002,2024-10-11,1.0,699.99,PayPal
TXN-00749,CLI-0151,PRD-019,2024-10-11,2.0,219.98,Transferencia
TXN-00581,CLI-0117,PRD-015,2024-10-11,4.0,1599.96,Transferencia
TXN-02593,CLI-0188,PRD-006,2024-10-11,5.0,1249.95,PayPal
TXN-02770,CLI-0002,PRD-014,2024-10-11,1.0,34.99,Tarjeta Débito
TXN-01706,CLI-0158,PRD-004,2024-10-11,2.0,179.98,Tarjeta Crédito
TXN-01553,CLI-0104,PRD-018,2024-10-11,1.0,14.99,PayPal
TXN-02518,CLI-0057,PRD-012,2024-10-11,3.0,59.97,Transferencia
TXN-02452,CLI-0097,PRD-002,2024-10-11,5.0,3499.95,Tarjeta Crédito
TXN-01672,CLI-0185,PRD-006,2024-10-11,2.0,499.98,Efectivo
TXN-02837,CLI-0058,PRD-013,2024-10-12,2.0,89.98,Tarjeta Crédito
TXN-01691,CLI-0044,PRD-022,2024-10-12,2.0,179.98,Transferencia
TXN-01300,CLI-0131,PRD-011,2024-10-12,2.0,25.98,Transferencia
TXN-00687,CLI-0179,PRD-019,2024-10-12,2.0,219.98,Tarjeta Crédito
TXN-02250,CLI-0097,PRD-023,2024-10-12,,349.99,PayPal
TXN-02953,CLI-0074,PRD-025,2024-10-13,2.0,19.98,PayPal
TXN-01105,CLI-0176,PRD-009,2024-10-13,4.0,299.96,Tarjeta Débito
TXN-02427,CLI-0146,PRD-007,2024-10-13,5.0,299.95,PayPal
TXN-01721,CLI-0194,PRD-010,2024-10-13,1.0,34.99,PayPal
TXN-00638,CLI-0015,PRD-008,2024-10-13,2.0,79.98,Transferencia
TXN-01002,CLI-0070,PRD-025,2024-10-13,2.0,19.98,Tarjeta Crédito
TXN-02616,CLI-0098,PRD-001,2024-10-14,4.0,5199.96,Tarjeta Crédito
TXN-02777,CLI-0029,PRD-020,2024-10-14,1.0,15.99,PayPal
TXN-02242,CLI-0090,PRD-001,2024-10-14,5.0,6499.95,Efectivo
TXN-00689,CLI-0176,PRD-007,2024-10-14,2.0,119.98,Tarjeta Crédito
TXN-00558,CLI-0121,PRD-014,2024-10-14,1.0,34.99,Efectivo
TXN-00582,CLI-0011,PRD-001,2024-10-14,4.0,5199.96,Tarjeta Débito
TXN-02404,CLI-0036,PRD-013,2024-10-14,3.0,134.97,Tarjeta Crédito
TXN-01747,CLI-0058,PRD-001,2024-10-14,4.0,5199.96,Tarjeta Crédito
TXN-01767,CLI-0108,PRD-024,2024-10-15,3.0,89.97,Tarjeta Débito
TXN-00281,CLI-0122,PRD-013,2024-10-15,3.0,134.97,Tarjeta Débito
TXN-00003,CLI-0090,PRD-005,2024-10-15,4.0,1799.96,Tarjeta Crédito
TXN-01109,CLI-0041,PRD-021,2024-10-15,4.0,99.96,Tarjeta Crédito
TXN-01120,CLI-0121,PRD-024,2024-10-15,1.0,29.99,Transferencia
TXN-00761,CLI-0131,PRD-019,2024-10-15,2.0,219.98,Tarjeta Crédito
TXN-00800,CLI-0016,PRD-013,2024-10-15,,44.99,Efectivo
TXN-02494,CLI-0120,PRD-001,2024-10-15,3.0,3899.97,Tarjeta Crédito
TXN-02337,CLI-0112,PRD-014,2024-10-15,3.0,104.97,Tarjeta Crédito
TXN-02357,CLI-0016,PRD-018,2024-10-15,5.0,74.95,Tarjeta Débito
TXN-02573,CLI-0074,PRD-001,2024-10-15,2.0,2599.98,Transferencia
TXN-00009,CLI-0156,PRD-011,2024-10-15,5.0,64.95,Transferencia
TXN-01661,CLI-0159,PRD-011,2024-10-16,4.0,51.96,Tarjeta Crédito
TXN-02262,CLI-0058,PRD-001,2024-10-16,1.0,1299.99,Transferencia
TXN-01783,CLI-0025,PRD-010,2024-10-16,4.0,139.96,Tarjeta Débito
TXN-00006,CLI-0151,PRD-004,2024-10-16,3.0,269.97,Efectivo
TXN-02975,CLI-0134,PRD-014,2024-10-16,4.0,139.96,Tarjeta Débito
TXN-01751,CLI-0189,PRD-004,2024-10-17,1.0,89.99,Tarjeta Crédito
TXN-00100,CLI-0102,PRD-001,2024-10-17,2.0,2599.98,Tarjeta Crédito
TXN-02090,CLI-0166,PRD-003,2024-10-17,2.0,,Tarjeta Crédito
TXN-01079,CLI-0051,PRD-006,2024-10-17,5.0,1249.95,Tarjeta Crédito
TXN-02843,CLI-0020,PRD-018,2024-10-17,2.0,29.98,Tarjeta Crédito
TXN-02678,CLI-0134,PRD-016,2024-10-17,5.0,1499.95,PayPal
TXN-02927,CLI-0093,PRD-007,2024-10-18,1.0,59.99,Tarjeta Crédito
TXN-02168,CLI-0029,PRD-018,2024-10-18,2.0,29.98,Tarjeta Crédito
TXN-01689,CLI-0196,PRD-007,2024-10-18,5.0,299.95,PayPal
TXN-01182,CLI-0184,PRD-020,2024-10-18,2.0,31.98,Transferencia
TXN-01523,CLI-0169,PRD-007,2024-10-18,3.0,179.97,Tarjeta Crédito
TXN-00031,CLI-0170,PRD-020,2024-10-18,2.0,31.98,Tarjeta Débito
TXN-01035,CLI-0080,PRD-020,2024-10-18,5.0,79.95,PayPal
TXN-02545,CLI-0154,PRD-006,2024-10-18,2.0,499.98,Tarjeta Débito
TXN-02045,CLI-0097,PRD-003,2024-10-18,1.0,29.99,Transferencia
TXN-02872,CLI-0175,PRD-007,2024-10-18,1.0,59.99,Tarjeta Débito
TXN-02870,CLI-0103,PRD-013,2024-10-18,1.0,44.99,Tarjeta Débito
TXN-01820,CLI-0118,PRD-008,2024-10-18,2.0,79.98,Transferencia
TXN-00203,CLI-0117,PRD-003,2024-10-18,5.0,149.95,Tarjeta Débito
TXN-02797,CLI-0044,PRD-021,2024-10-18,3.0,74.97,Tarjeta Débito
TXN-01985,CLI-0066,PRD-010,2024-10-19,1.0,34.99,Transferencia
TXN-00422,CLI-0183,PRD-022,2024-10-19,1.0,89.99,Tarjeta Crédito
TXN-00849,CLI-0082,PRD-017,2024-10-19,2.0,1099.98,PayPal
TXN-00944,CLI-0110,PRD-002,2024-10-19,4.0,2799.96,Tarjeta Crédito
TXN-00586,CLI-0164,PRD-006,2024-10-19,3.0,749.97,Tarjeta Débito
TXN-02985,CLI-0003,PRD-011,2024-10-20,1.0,12.99,Tarjeta Débito
TXN-01667,CLI-0098,PRD-018,2024-10-20,4.0,59.96,Transferencia
TXN-02693,CLI-0150,PRD-007,2024-10-20,3.0,179.97,Tarjeta Crédito
TXN-02639,CLI-0188,PRD-005,2024-10-20,4.0,1799.96,Efectivo
TXN-02225,CLI-0123,PRD-013,2024-10-20,3.0,134.97,Tarjeta Crédito
TXN-00904,CLI-0042,PRD-007,2024-10-20,3.0,179.97,Tarjeta Débito
TXN-02935,CLI-0151,PRD-007,2024-10-21,3.0,179.97,PayPal
TXN-00791,CLI-0089,PRD-008,2024-10-21,3.0,119.97,Tarjeta Crédito
TXN-00232,CLI-0127,PRD-005,2024-10-21,1.0,449.99,Efectivo
TXN-01755,CLI-0063,PRD-011,2024-10-21,4.0,51.96,Tarjeta Débito
TXN-00775,CLI-0078,PRD-008,2024-10-21,2.0,,Tarjeta Crédito
TXN-02645,CLI-0023,PRD-011,2024-10-21,2.0,25.98,Tarjeta Débito
TXN-00778,CLI-0098,PRD-014,2024-10-21,4.0,139.96,PayPal
TXN-00863,CLI-0087,PRD-019,2024-10-21,2.0,219.98,Tarjeta Crédito
TXN-01414,CLI-0126,PRD-009,2024-10-21,2.0,149.98,Tarjeta Crédito
TXN-01540,CLI-0011,PRD-024,2024-10-22,1.0,29.99,Tarjeta Débito
TXN-02939,CLI-0073,PRD-024,2024-10-22,1.0,29.99,Tarjeta Crédito
TXN-00302,CLI-0169,PRD-011,2024-10-22,4.0,51.96,Transferencia
TXN-00835,CLI-0183,PRD-002,2024-10-22,3.0,2099.97,PayPal
TXN-01673,CLI-0111,PRD-021,2024-10-22,5.0,124.95,Tarjeta Crédito
TXN-02080,CLI-0199,PRD-006,2024-10-22,3.0,749.97,Tarjeta Crédito
TXN-02411,CLI-0128,PRD-008,2024-10-23,1.0,39.99,PayPal
TXN-02579,CLI-0071,PRD-020,2024-10-23,4.0,63.96,Tarjeta Crédito
TXN-00430,CLI-0115,PRD-004,2024-10-23,5.0,449.95,Tarjeta Crédito
TXN-00605,CLI-0179,PRD-017,2024-10-23,4.0,2199.96,Tarjeta Débito
TXN-02496,CLI-0157,PRD-002,2024-10-23,1.0,699.99,Tarjeta Crédito
TXN-02683,CLI-0146,PRD-008,2024-10-24,3.0,119.97,Transferencia
TXN-00980,CLI-0187,PRD-004,2024-10-24,5.0,449.95,Tarjeta Débito
TXN-02896,CLI-0077,PRD-017,2024-10-24,2.0,1099.98,Transferencia
TXN-01157,CLI-0107,PRD-024,2024-10-24,4.0,119.96,Tarjeta Crédito
TXN-02130,CLI-0069,PRD-006,2024-10-24,2.0,499.98,Tarjeta Débito
TXN-01329,CLI-0108,PRD-014,2024-10-24,5.0,174.95,Tarjeta Débito
TXN-01227,CLI-0121,PRD-004,2024-10-24,1.0,89.99,Tarjeta Crédito
TXN-01054,CLI-0058,PRD-011,2024-10-24,1.0,12.99,Tarjeta Débito
TXN-02468,CLI-0012,PRD-004,2024-10-24,4.0,359.96,Tarjeta Débito
TXN-01013,CLI-0045,PRD-003,2024-10-24,2.0,59.98,Tarjeta Débito
TXN-02381,CLI-0026,PRD-003,2024-10-24,1.0,29.99,Tarjeta Crédito
TXN-01201,CLI-0189,PRD-006,2024-10-25,2.0,499.98,Tarjeta Crédito
TXN-00735,CLI-0175,PRD-007,2024-10-25,2.0,119.98,Tarjeta Débito
TXN-00150,CLI-0187,PRD-020,2024-10-25,1.0,15.99,Transferencia
TXN-02093,CLI-0089,PRD-004,2024-10-25,5.0,449.95,Transferencia
TXN-01838,CLI-0117,PRD-020,2024-10-25,1.0,15.99,Tarjeta Crédito
TXN-01031,CLI-0130,PRD-010,2024-10-25,3.0,104.97,Tarjeta Crédito
TXN-01846,CLI-0153,PRD-025,2024-10-25,1.0,9.99,PayPal
TXN-00093,CLI-0195,PRD-001,2024-10-25,2.0,2599.98,PayPal
TXN-00384,CLI-0171,PRD-003,2024-10-25,2.0,59.98,Transferencia
TXN-02708,CLI-0141,PRD-003,2024-10-25,1.0,29.99,Tarjeta Crédito
TXN-01833,CLI-0100,PRD-001,2024-10-25,2.0,2599.98,Tarjeta Crédito
TXN-02470,CLI-0133,PRD-008,2024-10-25,1.0,39.99,Tarjeta Débito
TXN-02580,CLI-0198,PRD-025,2024-10-26,1.0,9.99,Tarjeta Débito
TXN-00833,CLI-0022,PRD-002,2024-10-26,1.0,699.99,Efectivo
TXN-01660,CLI-0126,PRD-002,2024-10-26,1.0,699.99,Transferencia
TXN-00602,CLI-0085,PRD-004,2024-10-26,2.0,179.98,Transferencia
TXN-01286,CLI-0019,PRD-020,2024-10-26,5.0,79.95,Efectivo
TXN-01920,CLI-0153,PRD-004,2024-10-26,2.0,179.98,Tarjeta Crédito
TXN-00118,CLI-0052,PRD-001,2024-10-27,1.0,1299.99,Tarjeta Débito
TXN-02986,CLI-0198,PRD-019,2024-10-27,3.0,329.97,PayPal
TXN-01205,CLI-0049,PRD-004,2024-10-27,1.0,89.99,Tarjeta Débito
TXN-01309,CLI-0093,PRD-002,2024-10-27,1.0,699.99,Tarjeta Débito
TXN-01391,CLI-0166,PRD-013,2024-10-27,2.0,89.98,PayPal
TXN-02156,CLI-0147,PRD-003,2024-10-27,5.0,149.95,Transferencia
TXN-01960,CLI-0045,PRD-003,2024-10-28,1.0,29.99,Tarjeta Débito
TXN-01526,CLI-0178,PRD-003,2024-10-28,3.0,89.97,Tarjeta Débito
TXN-02437,CLI-0029,PRD-022,2024-10-28,2.0,179.98,Transferencia
TXN-02599,CLI-0103,PRD-008,2024-10-28,3.0,119.97,Tarjeta Débito
TXN-00511,CLI-0144,PRD-011,2024-10-29,1.0,12.99,PayPal
TXN-02417,CLI-0101,PRD-005,2024-10-29,2.0,899.98,Tarjeta Crédito
TXN-01723,CLI-0055,PRD-010,2024-10-29,1.0,34.99,Transferencia
TXN-01017,CLI-0154,PRD-001,2024-10-29,5.0,6499.95,Tarjeta Débito
TXN-02947,CLI-0120,PRD-008,2024-10-29,5.0,199.95,Efectivo
TXN-00235,CLI-0025,PRD-003,2024-10-29,3.0,89.97,Tarjeta Crédito
TXN-00061,CLI-0125,PRD-001,2024-10-29,2.0,2599.98,Transferencia
TXN-02081,CLI-0039,PRD-001,2024-10-29,5.0,6499.95,Tarjeta Débito
TXN-02740,CLI-0091,PRD-006,2024-10-29,4.0,999.96,Tarjeta Débito
TXN-00153,CLI-0165,PRD-003,2024-10-30,5.0,149.95,Tarjeta Crédito
TXN-00222,CLI-0011,PRD-002,2024-10-30,2.0,1399.98,Tarjeta Crédito
TXN-01968,CLI-0070,PRD-004,2024-10-30,3.0,269.97,Tarjeta Crédito
TXN-02313,CLI-0129,PRD-016,2024-10-30,3.0,899.97,Transferencia
TXN-02157,CLI-0137,PRD-003,2024-10-30,1.0,29.99,Transferencia
TXN-02180,CLI-0091,PRD-004,2024-10-30,5.0,449.95,Tarjeta Crédito
TXN-02127,CLI-0141,PRD-016,2024-10-30,5.0,1499.95,Tarjeta Crédito
TXN-01849,CLI-0196,PRD-007,2024-10-31,5.0,299.95,Tarjeta Débito
TXN-02224,CLI-0015,PRD-004,2024-10-31,1.0,89.99,Efectivo
TXN-00045,CLI-0153,PRD-003,2024-10-31,5.0,149.95,Transferencia
TXN-02380,CLI-0049,PRD-009,2024-10-31,3.0,224.97,Tarjeta Crédito
TXN-02380,CLI-0020,PRD-014,2024-10-31,2.0,69.98,Tarjeta Crédito
TXN-00376,CLI-0053,PRD-011,2024-10-31,2.0,25.98,PayPal
TXN-00125,CLI-0145,PRD-003,2024-10-31,1.0,29.99,Tarjeta Crédito
TXN-02527,CLI-0098,PRD-004,2024-10-31,3.0,269.97,Tarjeta Débito
TXN-01301,CLI-0122,PRD-003,2024-10-31,1.0,29.99,Tarjeta Débito
TXN-02785,CLI-0090,PRD-001,2024-10-31,1.0,1299.99,PayPal
TXN-02671,CLI-0161,PRD-009,2024-10-31,1.0,74.99,Efectivo
TXN-00451,CLI-0168,PRD-009,2024-10-31,,74.99,Tarjeta Débito
TXN-01508,CLI-0135,PRD-018,2024-10-31,3.0,44.97,Efectivo
TXN-02293,CLI-0090,PRD-003,2024-11-01,1.0,29.99,Tarjeta Débito
TXN-01801,CLI-0067,PRD-016,2024-11-01,1.0,299.99,Transferencia
TXN-02136,CLI-0024,PRD-020,2024-11-01,3.0,47.97,Transferencia
TXN-02267,CLI-0015,PRD-019,2024-11-01,2.0,219.98,Tarjeta Débito
TXN-02619,CLI-0073,PRD-018,2024-11-01,4.0,59.96,Transferencia
TXN-01936,CLI-0095,PRD-005,2024-11-01,4.0,1799.96,Tarjeta Débito
TXN-02753,CLI-0150,PRD-021,2024-11-01,1.0,24.99,Tarjeta Crédito
TXN-02027,CLI-0111,PRD-018,2024-11-01,1.0,14.99,Tarjeta Débito
TXN-02857,CLI-0005,PRD-004,2024-11-01,3.0,269.97,Tarjeta Débito
TXN-03000,CLI-0122,PRD-010,2024-11-01,1.0,34.99,Tarjeta Débito
TXN-00440,CLI-0087,PRD-024,2024-11-01,3.0,89.97,PayPal
TXN-00754,CLI-0070,PRD-003,2024-11-01,1.0,29.99,Tarjeta Crédito
TXN-00144,CLI-0146,PRD-007,2024-11-01,1.0,59.99,Transferencia
TXN-00717,CLI-0172,PRD-021,2024-11-01,1.0,24.99,Tarjeta Crédito
TXN-01088,CLI-0064,PRD-004,2024-11-02,2.0,179.98,Tarjeta Débito
TXN-00994,CLI-0096,PRD-006,2024-11-02,5.0,1249.95,Transferencia
TXN-01570,CLI-0056,PRD-003,2024-11-02,1.0,29.99,Tarjeta Crédito
TXN-01443,CLI-0018,PRD-015,2024-11-02,3.0,1199.97,Tarjeta Crédito
TXN-00008,CLI-0077,PRD-003,2024-11-02,1.0,29.99,Tarjeta Crédito
TXN-02525,CLI-0008,PRD-017,2024-11-02,1.0,549.99,Tarjeta Crédito
TXN-02543,CLI-0030,PRD-010,2024-11-03,4.0,139.96,Transferencia
TXN-00621,CLI-0186,PRD-020,2024-11-03,2.0,31.98,Tarjeta Crédito
TXN-02384,CLI-0176,PRD-001,2024-11-03,2.0,2599.98,Tarjeta Crédito
TXN-02138,CLI-0091,PRD-002,2024-11-03,1.0,699.99,Tarjeta Crédito
TXN-01429,CLI-0032,PRD-005,2024-11-03,4.0,1799.96,Tarjeta Crédito
TXN-02238,CLI-0066,PRD-011,2024-11-03,4.0,51.96,Tarjeta Débito
TXN-02307,CLI-0046,PRD-002,2024-11-04,1.0,699.99,Tarjeta Débito
TXN-02709,CLI-0138,PRD-012,2024-11-04,3.0,59.97,Tarjeta Crédito
TXN-00974,CLI-0100,PRD-018,2024-11-04,3.0,44.97,PayPal
TXN-01910,CLI-0200,PRD-013,2024-11-04,2.0,89.98,Tarjeta Débito
TXN-02955,CLI-0085,PRD-007,2024-11-04,3.0,179.97,Tarjeta Crédito
TXN-02967,CLI-0012,PRD-021,2024-11-04,2.0,49.98,Tarjeta Crédito
TXN-00575,CLI-0105,PRD-011,2024-11-05,1.0,12.99,Tarjeta Débito
TXN-00655,CLI-0042,PRD-003,2024-11-05,2.0,59.98,Tarjeta Débito
TXN-00573,CLI-0189,PRD-018,2024-11-05,2.0,29.98,Tarjeta Débito
TXN-02430,CLI-0021,PRD-003,2024-11-05,1.0,29.99,Tarjeta Crédito
TXN-00950,CLI-0147,PRD-018,2024-11-05,1.0,,Transferencia
TXN-00298,CLI-0071,PRD-020,2024-11-05,5.0,79.95,Efectivo
TXN-02004,CLI-0054,PRD-020,2024-11-05,1.0,15.99,Tarjeta Débito
TXN-02490,CLI-0114,PRD-003,2024-11-05,5.0,149.95,Tarjeta Crédito
TXN-02716,CLI-0013,PRD-015,2024-11-06,1.0,399.99,Tarjeta Crédito
TXN-02511,CLI-0102,PRD-008,2024-11-06,3.0,119.97,Tarjeta Crédito
TXN-02570,CLI-0058,PRD-004,2024-11-06,3.0,269.97,Transferencia
TXN-00888,CLI-0106,PRD-007,2024-11-06,4.0,239.96,Efectivo
TXN-01819,CLI-0135,PRD-003,2024-11-06,3.0,89.97,Tarjeta Débito
TXN-02015,CLI-0017,PRD-015,2024-11-06,1.0,399.99,Tarjeta Débito
TXN-02265,CLI-0093,PRD-012,2024-11-06,1.0,19.99,Tarjeta Débito
TXN-01086,CLI-0155,PRD-003,2024-11-06,3.0,89.97,Transferencia
TXN-00885,CLI-0067,PRD-019,2024-11-06,3.0,329.97,Transferencia
TXN-00068,CLI-0075,PRD-012,2024-11-06,1.0,19.99,Tarjeta Débito
TXN-02561,CLI-0172,PRD-001,2024-11-06,1.0,1299.99,Transferencia
TXN-01519,CLI-0005,PRD-003,2024-11-06,1.0,29.99,PayPal
TXN-01740,CLI-0078,PRD-004,2024-11-06,1.0,89.99,Tarjeta Crédito
TXN-00604,CLI-0157,PRD-019,2024-11-06,1.0,109.99,Tarjeta Crédito
TXN-01255,CLI-0081,PRD-013,2024-11-06,5.0,224.95,Tarjeta Débito
TXN-00365,CLI-0066,PRD-019,2024-11-06,5.0,549.95,Tarjeta Crédito
TXN-01395,CLI-0086,PRD-011,2024-11-06,1.0,12.99,Efectivo
TXN-01826,CLI-0073,PRD-003,2024-11-07,1.0,29.99,Tarjeta Débito
TXN-02733,CLI-0067,PRD-016,2024-11-07,5.0,1499.95,Tarjeta Crédito
TXN-01008,CLI-0182,PRD-023,2024-11-07,2.0,699.98,Tarjeta Crédito
TXN-00436,CLI-0096,PRD-009,2024-11-07,1.0,74.99,Transferencia
TXN-01136,CLI-0157,PRD-013,2024-11-07,2.0,89.98,PayPal
TXN-01356,CLI-0081,PRD-024,2024-11-07,1.0,29.99,Tarjeta Crédito
TXN-02142,CLI-0154,PRD-014,2024-11-07,1.0,34.99,Transferencia
TXN-01057,CLI-0082,PRD-014,2024-11-08,5.0,174.95,Tarjeta Débito
TXN-00951,CLI-0057,PRD-006,2024-11-08,4.0,999.96,PayPal
TXN-01624,CLI-0004,PRD-021,2024-11-08,1.0,24.99,Tarjeta Débito
TXN-01552,CLI-0068,PRD-010,2024-11-08,1.0,34.99,Tarjeta Crédito
TXN-00240,CLI-0095,PRD-003,2024-11-08,1.0,29.99,Tarjeta Débito
TXN-00502,CLI-0088,PRD-004,2024-11-08,4.0,359.96,Tarjeta Débito
TXN-01285,CLI-0048,PRD-005,2024-11-08,2.0,899.98,Efectivo
TXN-01780,CLI-0116,PRD-015,2024-11-08,3.0,1199.97,Transferencia
TXN-00959,CLI-0198,PRD-008,2024-11-08,5.0,199.95,Tarjeta Crédito
TXN-02972,CLI-0017,PRD-003,2024-11-08,3.0,89.97,Tarjeta Crédito
TXN-00844,CLI-0097,PRD-006,2024-11-08,1.0,249.99,Tarjeta Débito
TXN-01748,CLI-0185,PRD-020,2024-11-08,2.0,31.98,Tarjeta Crédito
TXN-00637,CLI-0068,PRD-020,2024-11-09,4.0,63.96,Tarjeta Débito
TXN-02641,CLI-0033,PRD-005,2024-11-09,1.0,449.99,Tarjeta Crédito
TXN-02924,CLI-0057,PRD-019,2024-11-09,3.0,329.97,Transferencia
TXN-00822,CLI-0105,PRD-019,2024-11-09,4.0,439.96,Tarjeta Débito
TXN-02512,CLI-0173,PRD-011,2024-11-10,1.0,12.99,Tarjeta Crédito
TXN-01529,CLI-0127,PRD-011,2024-11-10,2.0,25.98,Transferencia
TXN-01418,CLI-0018,PRD-016,2024-11-10,2.0,599.98,PayPal
TXN-00413,CLI-0054,PRD-003,2024-11-10,3.0,89.97,Tarjeta Débito
TXN-01091,CLI-0130,PRD-015,2024-11-10,1.0,399.99,Tarjeta Crédito
TXN-01844,CLI-0173,PRD-020,2024-11-11,5.0,79.95,Tarjeta Crédito
TXN-02441,CLI-0017,PRD-003,2024-11-11,3.0,89.97,Efectivo
TXN-00002,CLI-0042,PRD-003,2024-11-11,1.0,29.99,Tarjeta Crédito
TXN-02962,CLI-0080,PRD-015,2024-11-11,1.0,399.99,Tarjeta Crédito
TXN-00566,CLI-0002,PRD-021,2024-11-11,1.0,24.99,Tarjeta Crédito
TXN-01289,CLI-0155,PRD-014,2024-11-11,5.0,174.95,Tarjeta Débito
TXN-00366,CLI-0045,PRD-007,2024-11-12,1.0,59.99,PayPal
TXN-00816,CLI-0069,PRD-013,2024-11-12,2.0,89.98,Tarjeta Débito
TXN-00818,CLI-0148,PRD-003,2024-11-12,4.0,119.96,Tarjeta Crédito
TXN-00629,CLI-0059,PRD-008,2024-11-12,2.0,79.98,Tarjeta Débito
TXN-00920,CLI-0199,PRD-015,2024-11-12,,1999.95,Transferencia
TXN-00280,CLI-0008,PRD-003,2024-11-12,2.0,59.98,Tarjeta Débito
TXN-02097,CLI-0072,PRD-013,2024-11-12,2.0,89.98,Tarjeta Débito
TXN-00161,CLI-0030,PRD-009,2024-11-12,1.0,74.99,Efectivo
TXN-02672,CLI-0154,PRD-001,2024-11-12,4.0,5199.96,Tarjeta Crédito
TXN-02672,CLI-0155,PRD-012,2024-11-12,1.0,19.99,Tarjeta Débito
TXN-02600,CLI-0098,PRD-007,2024-11-12,2.0,119.98,Tarjeta Débito
TXN-01360,CLI-0136,PRD-018,2024-11-13,2.0,29.98,Tarjeta Crédito
TXN-02815,CLI-0099,PRD-003,2024-11-13,4.0,119.96,Transferencia
TXN-00316,CLI-0188,PRD-016,2024-11-13,3.0,899.97,Tarjeta Crédito
TXN-02489,CLI-0125,PRD-006,2024-11-13,5.0,1249.95,Tarjeta Crédito
TXN-01683,CLI-0114,PRD-005,2024-11-13,5.0,2249.95,Efectivo
TXN-01665,CLI-0051,PRD-010,2024-11-13,2.0,69.98,Tarjeta Crédito
TXN-00741,CLI-0112,PRD-014,2024-11-13,5.0,174.95,Tarjeta Débito
TXN-00589,CLI-0012,PRD-017,2024-11-13,3.0,1649.97,Transferencia
TXN-02107,CLI-0118,PRD-008,2024-11-13,2.0,79.98,Tarjeta Crédito
TXN-02459,CLI-0041,PRD-012,2024-11-13,2.0,39.98,Tarjeta Débito
TXN-00140,CLI-0027,PRD-004,2024-11-13,2.0,179.98,Transferencia
TXN-02104,CLI-0133,PRD-016,2024-11-13,2.0,599.98,Transferencia
TXN-02155,CLI-0095,PRD-003,2024-11-14,3.0,89.97,Transferencia
TXN-02170,CLI-0011,PRD-018,2024-11-14,1.0,14.99,Tarjeta Débito
TXN-01033,CLI-0122,PRD-016,2024-11-14,1.0,299.99,Transferencia
TXN-02315,CLI-0074,PRD-020,2024-11-14,4.0,63.96,PayPal
TXN-02406,CLI-0080,PRD-003,2024-11-14,1.0,29.99,PayPal
TXN-01572,CLI-0197,PRD-024,2024-11-14,2.0,59.98,Transferencia
TXN-02276,CLI-0118,PRD-005,2024-11-14,1.0,449.99,PayPal
TXN-00661,CLI-0010,PRD-011,2024-11-14,1.0,12.99,Tarjeta Débito
TXN-00097,CLI-0079,PRD-003,2024-11-15,4.0,119.96,Transferencia
TXN-00722,CLI-0042,PRD-016,2024-11-15,1.0,299.99,Transferencia
TXN-01503,CLI-0156,PRD-020,2024-11-15,2.0,31.98,Tarjeta Débito
TXN-00248,CLI-0186,PRD-005,2024-11-15,1.0,449.99,Efectivo
TXN-02391,CLI-0020,PRD-020,2024-11-15,1.0,15.99,PayPal
TXN-02091,CLI-0130,PRD-013,2024-11-15,1.0,44.99,Efectivo
TXN-00935,CLI-0193,PRD-020,2024-11-15,1.0,15.99,Tarjeta Débito
TXN-02363,CLI-0193,PRD-012,2024-11-15,1.0,19.99,Transferencia
TXN-00672,CLI-0183,PRD-002,2024-11-15,5.0,3499.95,Transferencia
TXN-02603,CLI-0100,PRD-012,2024-11-15,1.0,19.99,Tarjeta Débito
TXN-00116,CLI-0125,PRD-010,2024-11-15,2.0,69.98,Efectivo
TXN-02348,CLI-0192,PRD-004,2024-11-15,1.0,89.99,Tarjeta Crédito
TXN-00705,CLI-0191,PRD-018,2024-11-16,5.0,74.95,Tarjeta Crédito
TXN-00306,CLI-0172,PRD-001,2024-11-16,4.0,5199.96,Transferencia
TXN-02808,CLI-0046,PRD-003,2024-11-16,5.0,149.95,Tarjeta Débito
TXN-02165,CLI-0126,PRD-011,2024-11-16,3.0,38.97,Efectivo
TXN-01232,CLI-0068,PRD-002,2024-11-16,2.0,1399.98,Efectivo
TXN-02858,CLI-0013,PRD-007,2024-11-17,2.0,119.98,Tarjeta Crédito
TXN-02725,CLI-0176,PRD-007,2024-11-17,5.0,299.95,Tarjeta Débito
TXN-02881,CLI-0200,PRD-016,2024-11-17,5.0,1499.95,Efectivo
TXN-01296,CLI-0069,PRD-003,2024-11-17,4.0,119.96,Tarjeta Débito
TXN-01517,CLI-0015,PRD-021,2024-11-17,2.0,49.98,Tarjeta Débito
TXN-00392,CLI-0092,PRD-004,2024-11-18,3.0,269.97,Tarjeta Crédito
TXN-02899,CLI-0036,PRD-002,2024-11-18,3.0,2099.97,Transferencia
TXN-00952,CLI-0172,PRD-008,2024-11-18,1.0,39.99,Tarjeta Débito
TXN-01564,CLI-0009,PRD-013,2024-11-18,2.0,89.98,Transferencia
TXN-02366,CLI-0068,PRD-006,2024-11-18,2.0,499.98,Tarjeta Débito
TXN-00019,CLI-0042,PRD-010,2024-11-18,1.0,34.99,Tarjeta Débito
TXN-02748,CLI-0037,PRD-012,2024-11-18,1.0,19.99,Tarjeta Débito
TXN-00477,CLI-0145,PRD-007,2024-11-18,1.0,59.99,Transferencia
TXN-02386,CLI-0002,PRD-016,2024-11-19,1.0,299.99,PayPal
TXN-00013,CLI-0039,PRD-003,2024-11-19,3.0,89.97,Tarjeta Débito
TXN-01464,CLI-0186,PRD-007,2024-11-19,1.0,59.99,Tarjeta Crédito
TXN-02569,CLI-0069,PRD-002,2024-11-19,5.0,3499.95,Tarjeta Débito
TXN-02498,CLI-0093,PRD-007,2024-11-19,2.0,119.98,Tarjeta Crédito
TXN-01439,CLI-0064,PRD-006,2024-11-19,2.0,499.98,Tarjeta Crédito
TXN-00731,CLI-0133,PRD-007,2024-11-19,2.0,119.98,Transferencia
TXN-00619,CLI-0070,PRD-011,2024-11-20,3.0,38.97,Tarjeta Crédito
TXN-01726,CLI-0041,PRD-003,2024-11-20,3.0,89.97,Tarjeta Débito
TXN-00064,CLI-0185,PRD-002,2024-11-20,2.0,1399.98,Tarjeta Débito
TXN-01511,CLI-0016,PRD-020,2024-11-20,1.0,15.99,Efectivo
TXN-02798,CLI-0100,PRD-010,2024-11-20,1.0,34.99,Transferencia
TXN-01488,CLI-0005,PRD-011,2024-11-20,1.0,12.99,Tarjeta Crédito
TXN-00321,CLI-0164,PRD-003,2024-11-20,1.0,29.99,Transferencia
TXN-00764,CLI-0105,PRD-004,2024-11-20,2.0,179.98,Efectivo
TXN-00169,CLI-0090,PRD-021,2024-11-20,5.0,124.95,Efectivo
TXN-01632,CLI-0076,PRD-007,2024-11-20,1.0,59.99,Tarjeta Crédito
TXN-02450,CLI-0142,PRD-022,2024-11-21,1.0,89.99,Efectivo
TXN-00743,CLI-0159,PRD-009,2024-11-21,1.0,74.99,PayPal
TXN-02707,CLI-0089,PRD-010,2024-11-21,1.0,34.99,Tarjeta Débito
TXN-02393,CLI-0164,PRD-019,2024-11-21,2.0,219.98,Efectivo
TXN-00198,CLI-0149,PRD-007,2024-11-21,4.0,239.96,Transferencia
TXN-01951,CLI-0122,PRD-014,2024-11-22,1.0,34.99,Tarjeta Débito
TXN-01491,CLI-0182,PRD-002,2024-11-22,1.0,699.99,Transferencia
TXN-01855,CLI-0069,PRD-020,2024-11-22,4.0,63.96,Tarjeta Débito
TXN-02484,CLI-0146,PRD-018,2024-11-22,1.0,14.99,PayPal
TXN-02691,CLI-0186,PRD-009,2024-11-22,1.0,74.99,PayPal
TXN-02934,CLI-0077,PRD-010,2024-11-22,5.0,174.95,Tarjeta Crédito
TXN-00429,CLI-0151,PRD-019,2024-11-22,1.0,109.99,Tarjeta Débito
TXN-02285,CLI-0156,PRD-013,2024-11-22,1.0,44.99,Tarjeta Crédito
TXN-00556,CLI-0143,PRD-003,2024-11-23,2.0,59.98,Transferencia
TXN-02318,CLI-0153,PRD-015,2024-11-23,2.0,799.98,Efectivo
TXN-01361,CLI-0125,PRD-011,2024-11-23,1.0,12.99,Tarjeta Crédito
TXN-00474,CLI-0101,PRD-024,2024-11-23,1.0,29.99,Transferencia
TXN-00269,CLI-0029,PRD-020,2024-11-24,5.0,79.95,Tarjeta Débito
TXN-00617,CLI-0106,PRD-004,2024-11-24,2.0,179.98,Tarjeta Débito
TXN-01067,CLI-0010,PRD-015,2024-11-24,1.0,399.99,Efectivo
TXN-02197,CLI-0191,PRD-013,2024-11-24,1.0,44.99,Tarjeta Débito
TXN-00601,CLI-0064,PRD-001,2024-11-24,1.0,1299.99,PayPal
TXN-00588,CLI-0141,PRD-004,2024-11-24,1.0,89.99,Transferencia
TXN-00887,CLI-0146,PRD-018,2024-11-24,2.0,29.98,Tarjeta Débito
TXN-02497,CLI-0079,PRD-007,2024-11-25,5.0,299.95,Efectivo
TXN-01112,CLI-0168,PRD-002,2024-11-25,2.0,1399.98,Tarjeta Débito
TXN-01536,CLI-0085,PRD-003,2024-11-25,5.0,149.95,Tarjeta Crédito
TXN-00664,CLI-0153,PRD-010,2024-11-25,1.0,34.99,Tarjeta Débito
TXN-01868,CLI-0009,PRD-021,2024-11-25,2.0,49.98,Transferencia
TXN-02727,CLI-0147,PRD-010,2024-11-25,1.0,34.99,Transferencia
TXN-01363,CLI-0011,PRD-020,2024-11-25,2.0,31.98,PayPal
TXN-02079,CLI-0140,PRD-019,2024-11-25,2.0,219.98,Tarjeta Crédito
TXN-01988,CLI-0088,PRD-004,2024-11-26,1.0,89.99,Transferencia
TXN-01214,CLI-0134,PRD-012,2024-11-26,1.0,19.99,PayPal
TXN-02309,CLI-0025,PRD-010,2024-11-26,4.0,139.96,Tarjeta Crédito
TXN-02106,CLI-0166,PRD-021,2024-11-26,5.0,124.95,Tarjeta Débito
TXN-00712,CLI-0104,PRD-012,2024-11-26,2.0,39.98,Tarjeta Crédito
TXN-01422,CLI-0048,PRD-022,2024-11-27,5.0,449.95,PayPal
TXN-02299,CLI-0133,PRD-007,2024-11-27,2.0,119.98,Tarjeta Crédito
TXN-01166,CLI-0026,PRD-002,2024-11-27,2.0,1399.98,Transferencia
TXN-02120,CLI-0054,PRD-018,2024-11-27,4.0,59.96,Transferencia
TXN-00675,CLI-0152,PRD-003,2024-11-27,3.0,89.97,Tarjeta Débito
TXN-02221,CLI-0026,PRD-007,2024-11-27,4.0,239.96,Tarjeta Crédito
TXN-01577,CLI-0109,PRD-006,2024-11-27,5.0,1249.95,Tarjeta Débito
TXN-01440,CLI-0199,PRD-019,2024-11-28,1.0,109.99,Transferencia
TXN-00671,CLI-0153,PRD-018,2024-11-28,2.0,29.98,Transferencia
TXN-01280,CLI-0180,PRD-009,2024-11-28,2.0,149.98,Transferencia
TXN-02334,CLI-0148,PRD-007,2024-11-28,1.0,59.99,Tarjeta Crédito
TXN-02479,CLI-0106,PRD-004,2024-11-29,1.0,89.99,Tarjeta Débito
TXN-00482,CLI-0058,PRD-019,2024-11-29,1.0,109.99,Tarjeta Débito
TXN-02153,CLI-0154,PRD-004,2024-11-29,1.0,89.99,Transferencia
TXN-01099,CLI-0188,PRD-014,2024-11-29,1.0,34.99,Tarjeta Débito
TXN-02582,CLI-0055,PRD-020,2024-11-29,1.0,15.99,PayPal
TXN-00177,CLI-0090,PRD-011,2024-11-29,5.0,64.95,Tarjeta Crédito
TXN-02533,CLI-0137,PRD-024,2024-11-29,2.0,59.98,Tarjeta Crédito
TXN-01890,CLI-0086,PRD-013,2024-11-29,5.0,224.95,Tarjeta Débito
TXN-01664,CLI-0048,PRD-024,2024-11-29,4.0,119.96,Tarjeta Débito
TXN-02668,CLI-0026,PRD-010,2024-11-29,3.0,104.97,Efectivo
TXN-02050,CLI-0128,PRD-013,2024-11-29,5.0,224.95,Tarjeta Crédito
TXN-02768,CLI-0160,PRD-013,2024-11-29,1.0,44.99,Transferencia
TXN-02408,CLI-0083,PRD-023,2024-11-29,3.0,1049.97,Efectivo
TXN-02677,CLI-0113,PRD-005,2024-11-29,2.0,899.98,Tarjeta Crédito
TXN-02736,CLI-0094,PRD-006,2024-11-29,1.0,249.99,Transferencia
TXN-00461,CLI-0137,PRD-011,2024-11-29,1.0,12.99,Tarjeta Crédito
TXN-00912,CLI-0166,PRD-011,2024-11-30,3.0,38.97,Tarjeta Débito
TXN-02359,CLI-0182,PRD-015,2024-11-30,1.0,399.99,Tarjeta Débito
TXN-00670,CLI-0126,PRD-009,2024-11-30,2.0,149.98,Transferencia
TXN-02460,CLI-0123,PRD-007,2024-11-30,1.0,59.99,Tarjeta Crédito
TXN-01718,CLI-0117,PRD-002,2024-12-01,2.0,1399.98,PayPal
TXN-02310,CLI-0073,PRD-007,2024-12-01,5.0,299.95,Tarjeta Débito
TXN-00340,CLI-0092,PRD-014,2024-12-01,2.0,69.98,Tarjeta Crédito
TXN-01292,CLI-0101,PRD-011,2024-12-01,4.0,51.96,Tarjeta Crédito
TXN-02301,CLI-0135,PRD-018,2024-12-01,5.0,74.95,PayPal
TXN-00497,CLI-0019,PRD-016,2024-12-01,1.0,299.99,Tarjeta Crédito
TXN-02017,CLI-0099,PRD-018,2024-12-01,3.0,44.97,Tarjeta Débito
TXN-01130,CLI-0168,PRD-002,2024-12-02,2.0,1399.98,Tarjeta Débito
TXN-02590,CLI-0053,PRD-001,2024-12-02,1.0,1299.99,Tarjeta Crédito
TXN-01787,CLI-0021,PRD-021,2024-12-02,1.0,24.99,PayPal
TXN-01095,CLI-0199,PRD-005,2024-12-03,2.0,899.98,Tarjeta Crédito
TXN-00409,CLI-0038,PRD-021,2024-12-03,5.0,124.95,Tarjeta Crédito
TXN-02635,CLI-0178,PRD-009,2024-12-03,2.0,149.98,Transferencia
TXN-01642,CLI-0088,PRD-018,2024-12-03,5.0,74.95,Transferencia
TXN-01558,CLI-0153,PRD-003,2024-12-03,1.0,29.99,PayPal
TXN-00353,CLI-0024,PRD-009,2024-12-03,1.0,74.99,Tarjeta Crédito
TXN-01731,CLI-0102,PRD-018,2024-12-03,1.0,14.99,Tarjeta Crédito
TXN-01392,CLI-0038,PRD-003,2024-12-03,1.0,29.99,Transferencia
TXN-02760,CLI-0143,PRD-004,2024-12-03,1.0,89.99,Tarjeta Débito
TXN-01972,CLI-0195,PRD-002,2024-12-04,1.0,699.99,Tarjeta Crédito
TXN-02647,CLI-0026,PRD-009,2024-12-04,3.0,224.97,Tarjeta Crédito
TXN-00239,CLI-0144,PRD-012,2024-12-04,1.0,19.99,Tarjeta Crédito
TXN-00574,CLI-0095,PRD-011,2024-12-04,1.0,12.99,Tarjeta Débito
TXN-00388,CLI-0019,PRD-003,2024-12-04,1.0,29.99,Tarjeta Crédito
TXN-00094,CLI-0158,PRD-012,2024-12-04,2.0,39.98,PayPal
TXN-02266,CLI-0009,PRD-023,2024-12-04,3.0,1049.97,Transferencia
TXN-02575,CLI-0171,PRD-009,2024-12-04,2.0,149.98,Tarjeta Débito
TXN-01287,CLI-0006,PRD-001,2024-12-04,4.0,5199.96,Tarjeta Débito
TXN-01556,CLI-0053,PRD-003,2024-12-04,1.0,29.99,Tarjeta Débito
TXN-00599,CLI-0103,PRD-006,2024-12-04,1.0,249.99,Tarjeta Débito
TXN-02886,CLI-0109,PRD-018,2024-12-04,1.0,14.99,Tarjeta Crédito
TXN-02761,CLI-0060,PRD-018,2024-12-05,4.0,59.96,Tarjeta Débito
TXN-00721,CLI-0075,PRD-021,2024-12-05,2.0,49.98,Tarjeta Crédito
TXN-00151,CLI-0031,PRD-005,2024-12-05,4.0,1799.96,Tarjeta Crédito
TXN-02933,CLI-0184,PRD-001,2024-12-05,2.0,2599.98,Efectivo
TXN-01146,CLI-0017,PRD-009,2024-12-05,2.0,149.98,PayPal
TXN-02037,CLI-0039,PRD-013,2024-12-06,2.0,89.98,Tarjeta Crédito
TXN-01219,CLI-0078,PRD-019,2024-12-06,3.0,329.97,Tarjeta Crédito
TXN-02026,CLI-0022,PRD-005,2024-12-06,3.0,1349.97,Tarjeta Débito
TXN-00233,CLI-0134,PRD-008,2024-12-06,3.0,119.97,Tarjeta Débito
TXN-01898,CLI-0177,PRD-014,2024-12-06,5.0,174.95,Tarjeta Débito
TXN-02051,CLI-0173,PRD-004,2024-12-06,1.0,89.99,Tarjeta Crédito
TXN-00794,CLI-0093,PRD-009,2024-12-06,4.0,299.96,Transferencia
TXN-02636,CLI-0170,PRD-008,2024-12-06,1.0,39.99,Tarjeta Crédito
TXN-02556,CLI-0055,PRD-020,2024-12-06,2.0,31.98,Tarjeta Débito
TXN-02884,CLI-0116,PRD-007,2024-12-06,2.0,119.98,Tarjeta Crédito
TXN-02509,CLI-0106,PRD-007,2024-12-06,2.0,119.98,Tarjeta Crédito
TXN-00286,CLI-0085,PRD-025,2024-12-07,2.0,19.98,Transferencia
TXN-01604,CLI-0140,PRD-017,2024-12-07,2.0,1099.98,PayPal
TXN-02145,CLI-0170,PRD-007,2024-12-07,3.0,179.97,Tarjeta Débito
TXN-01912,CLI-0035,PRD-007,2024-12-07,5.0,299.95,Tarjeta Crédito
TXN-00926,CLI-0099,PRD-014,2024-12-08,3.0,104.97,Tarjeta Crédito
TXN-02409,CLI-0065,PRD-021,2024-12-08,1.0,24.99,Transferencia
TXN-01271,CLI-0083,PRD-006,2024-12-08,1.0,249.99,Tarjeta Débito
TXN-00567,CLI-0093,PRD-007,2024-12-08,4.0,239.96,Tarjeta Crédito
TXN-00175,CLI-0090,PRD-016,2024-12-08,1.0,299.99,Transferencia
TXN-02772,CLI-0066,PRD-003,2024-12-08,1.0,29.99,Tarjeta Débito
TXN-02454,CLI-0186,PRD-025,2024-12-08,4.0,39.96,Tarjeta Débito
TXN-02720,CLI-0035,PRD-011,2024-12-09,3.0,38.97,Tarjeta Crédito
TXN-00982,CLI-0135,PRD-008,2024-12-09,5.0,199.95,Tarjeta Débito
TXN-01635,CLI-0098,PRD-010,2024-12-09,4.0,139.96,Transferencia
TXN-02412,CLI-0051,PRD-019,2024-12-09,2.0,219.98,Tarjeta Débito
TXN-02362,CLI-0011,PRD-010,2024-12-09,1.0,34.99,Tarjeta Crédito
TXN-02035,CLI-0084,PRD-006,2024-12-09,2.0,499.98,Tarjeta Crédito
TXN-02965,CLI-0016,PRD-018,2024-12-09,2.0,29.98,Efectivo
TXN-02020,CLI-0077,PRD-024,2024-12-09,1.0,29.99,Transferencia
TXN-00937,CLI-0158,PRD-003,2024-12-09,4.0,119.96,Tarjeta Débito
TXN-01605,CLI-0004,PRD-007,2024-12-09,1.0,59.99,PayPal
TXN-01697,CLI-0151,PRD-013,2024-12-10,1.0,44.99,Tarjeta Débito
TXN-00958,CLI-0085,PRD-007,2024-12-10,2.0,119.98,Tarjeta Crédito
TXN-00977,CLI-0171,PRD-019,2024-12-10,2.0,219.98,Tarjeta Débito
TXN-01388,CLI-0137,PRD-020,2024-12-10,3.0,47.97,Tarjeta Crédito
TXN-01561,CLI-0090,PRD-018,2024-12-10,3.0,44.97,Efectivo
TXN-01634,CLI-0069,PRD-019,2024-12-10,1.0,109.99,Tarjeta Crédito
TXN-00832,CLI-0064,PRD-003,2024-12-10,5.0,149.95,Tarjeta Crédito
TXN-01878,CLI-0065,PRD-005,2024-12-10,2.0,899.98,Tarjeta Débito
TXN-01830,CLI-0002,PRD-014,2024-12-10,3.0,104.97,Tarjeta Crédito
TXN-02737,CLI-0196,PRD-017,2024-12-10,3.0,1649.97,Efectivo
TXN-00469,CLI-0045,PRD-015,2024-12-10,2.0,799.98,Tarjeta Débito
TXN-01905,CLI-0164,PRD-002,2024-12-10,2.0,1399.98,Tarjeta Crédito
TXN-00894,CLI-0049,PRD-020,2024-12-10,1.0,15.99,Tarjeta Crédito
TXN-01256,CLI-0048,PRD-003,2024-12-11,2.0,59.98,Tarjeta Débito
TXN-01705,CLI-0147,PRD-025,2024-12-11,1.0,9.99,PayPal
TXN-00487,CLI-0134,PRD-005,2024-12-11,5.0,2249.95,Tarjeta Crédito
TXN-02385,CLI-0079,PRD-003,2024-12-11,3.0,89.97,Tarjeta Débito
TXN-02615,CLI-0008,PRD-002,2024-12-11,5.0,3499.95,Tarjeta Crédito
TXN-01242,CLI-0013,PRD-007,2024-12-12,1.0,59.99,Tarjeta Débito
TXN-02563,CLI-0031,PRD-021,2024-12-12,3.0,74.97,Tarjeta Débito
TXN-02431,CLI-0100,PRD-007,2024-12-12,5.0,299.95,Tarjeta Débito
TXN-02131,CLI-0119,PRD-010,2024-12-12,4.0,139.96,Tarjeta Débito
TXN-01258,CLI-0130,PRD-014,2024-12-12,2.0,69.98,Tarjeta Crédito
TXN-02537,CLI-0067,PRD-009,2024-12-12,2.0,149.98,PayPal
TXN-01132,CLI-0085,PRD-005,2024-12-12,1.0,449.99,Transferencia
TXN-00012,CLI-0184,PRD-001,2024-12-13,1.0,1299.99,Efectivo
TXN-00123,CLI-0162,PRD-007,2024-12-13,3.0,179.97,Tarjeta Crédito
TXN-00770,CLI-0013,PRD-008,2024-12-13,1.0,39.99,Tarjeta Débito
TXN-00224,CLI-0123,PRD-008,2024-12-13,1.0,39.99,Transferencia
TXN-02325,CLI-0070,PRD-005,2024-12-13,1.0,449.99,Tarjeta Débito
TXN-01626,CLI-0169,PRD-008,2024-12-13,1.0,39.99,Tarjeta Débito
TXN-00241,CLI-0142,PRD-013,2024-12-13,2.0,89.98,Transferencia
TXN-02954,CLI-0088,PRD-006,2024-12-13,5.0,1249.95,Tarjeta Crédito
TXN-02065,CLI-0067,PRD-001,2024-12-13,1.0,1299.99,Tarjeta Crédito
TXN-01953,CLI-0196,PRD-012,2024-12-13,4.0,79.96,Efectivo
TXN-01759,CLI-0141,PRD-007,2024-12-13,5.0,299.95,Transferencia
TXN-02726,CLI-0192,PRD-007,2024-12-13,3.0,179.97,Tarjeta Crédito
TXN-00551,CLI-0109,PRD-008,2024-12-14,1.0,39.99,Transferencia
TXN-02521,CLI-0097,PRD-011,2024-12-14,1.0,12.99,Transferencia
TXN-01587,CLI-0071,PRD-011,2024-12-14,2.0,25.98,PayPal
TXN-00993,CLI-0071,PRD-002,2024-12-14,1.0,699.99,PayPal
TXN-02066,CLI-0200,PRD-018,2024-12-15,2.0,29.98,PayPal
TXN-02211,CLI-0076,PRD-012,2024-12-15,5.0,99.95,Tarjeta Crédito
TXN-00895,CLI-0052,PRD-007,2024-12-16,2.0,119.98,Efectivo
TXN-00745,CLI-0017,PRD-018,2024-12-16,2.0,29.98,Tarjeta Crédito
TXN-02429,CLI-0066,PRD-023,2024-12-16,5.0,1749.95,Transferencia
TXN-00401,CLI-0177,PRD-024,2024-12-16,2.0,59.98,Tarjeta Débito
TXN-01701,CLI-0149,PRD-008,2024-12-16,1.0,39.99,Tarjeta Crédito
TXN-02425,CLI-0178,PRD-013,2024-12-17,2.0,89.98,Tarjeta Débito
TXN-01622,CLI-0121,PRD-003,2024-12-17,3.0,89.97,Tarjeta Crédito
TXN-00631,CLI-0126,PRD-001,2024-12-18,1.0,1299.99,Transferencia
TXN-02732,CLI-0133,PRD-001,2024-12-18,1.0,1299.99,Tarjeta Crédito
TXN-02304,CLI-0105,PRD-018,2024-12-18,1.0,14.99,Tarjeta Crédito
TXN-01438,CLI-0031,PRD-018,2024-12-18,5.0,74.95,Tarjeta Crédito
TXN-00513,CLI-0151,PRD-013,2024-12-18,3.0,134.97,Tarjeta Débito
TXN-02420,CLI-0164,PRD-009,2024-12-18,1.0,74.99,PayPal
TXN-02122,CLI-0163,PRD-004,2024-12-18,2.0,179.98,Tarjeta Crédito
TXN-00560,CLI-0069,PRD-007,2024-12-18,1.0,59.99,Tarjeta Débito
TXN-00210,CLI-0018,PRD-020,2024-12-19,1.0,15.99,Tarjeta Crédito
TXN-02186,CLI-0191,PRD-020,2024-12-19,5.0,79.95,Transferencia
TXN-01655,CLI-0059,PRD-012,2024-12-19,5.0,99.95,Tarjeta Crédito
TXN-00038,CLI-0175,PRD-018,2024-12-19,1.0,14.99,Transferencia
TXN-01082,CLI-0041,PRD-006,2024-12-19,1.0,249.99,Transferencia
TXN-01212,CLI-0157,PRD-005,2024-12-20,1.0,449.99,Tarjeta Débito
TXN-00434,CLI-0107,PRD-021,2024-12-20,1.0,24.99,Tarjeta Crédito
TXN-00641,CLI-0183,PRD-016,2024-12-20,1.0,299.99,Tarjeta Débito
TXN-00438,CLI-0077,PRD-014,2024-12-20,1.0,34.99,Tarjeta Crédito
TXN-01871,CLI-0152,PRD-004,2024-12-20,2.0,179.98,Tarjeta Crédito
TXN-00737,CLI-0099,PRD-013,2024-12-20,5.0,224.95,Tarjeta Débito
TXN-02200,CLI-0126,PRD-008,2024-12-20,1.0,39.99,Tarjeta Débito
TXN-00402,CLI-0037,PRD-018,2024-12-20,1.0,14.99,Tarjeta Débito
TXN-01149,CLI-0177,PRD-006,2024-12-20,1.0,249.99,Transferencia
TXN-00679,CLI-0115,PRD-003,2024-12-20,3.0,89.97,Tarjeta Crédito
TXN-00486,CLI-0038,PRD-014,2024-12-20,1.0,34.99,Transferencia
TXN-01382,CLI-0149,PRD-002,2024-12-20,1.0,699.99,Tarjeta Débito
TXN-01946,CLI-0103,PRD-005,2024-12-20,3.0,1349.97,Tarjeta Crédito
TXN-00917,CLI-0024,PRD-002,2024-12-21,1.0,699.99,Transferencia
TXN-01339,CLI-0115,PRD-020,2024-12-21,1.0,15.99,PayPal
TXN-01961,CLI-0058,PRD-008,2024-12-22,2.0,79.98,Tarjeta Débito
TXN-00924,CLI-0183,PRD-007,2024-12-22,2.0,119.98,Tarjeta Débito
TXN-00552,CLI-0137,PRD-007,2024-12-22,3.0,179.97,Tarjeta Débito
TXN-02990,CLI-0101,PRD-001,2024-12-22,2.0,2599.98,PayPal
TXN-01336,CLI-0145,PRD-019,2024-12-22,1.0,109.99,Tarjeta Débito
TXN-00776,CLI-0121,PRD-003,2024-12-22,5.0,149.95,PayPal
TXN-00801,CLI-0050,PRD-019,2024-12-23,3.0,329.97,Tarjeta Débito
TXN-00199,CLI-0076,PRD-001,2024-12-23,4.0,5199.96,Transferencia
TXN-00624,CLI-0075,PRD-011,2024-12-23,1.0,12.99,Tarjeta Crédito
TXN-00623,CLI-0082,PRD-001,2024-12-23,1.0,1299.99,Transferencia
TXN-02011,CLI-0078,PRD-016,2024-12-23,,1199.96,Tarjeta Crédito
TXN-02627,CLI-0072,PRD-004,2024-12-24,2.0,179.98,Tarjeta Crédito
TXN-01090,CLI-0186,PRD-003,2024-12-24,5.0,149.95,Tarjeta Crédito
TXN-00492,CLI-0168,PRD-011,2024-12-24,1.0,12.99,Tarjeta Débito
TXN-01893,CLI-0174,PRD-010,2024-12-24,4.0,139.96,Transferencia
TXN-02766,CLI-0177,PRD-004,2024-12-24,3.0,269.97,Transferencia
TXN-01085,CLI-0062,PRD-008,2024-12-24,4.0,159.96,Tarjeta Crédito
TXN-01217,CLI-0080,PRD-003,2024-12-24,3.0,89.97,Transferencia
TXN-00113,CLI-0138,PRD-021,2024-12-24,1.0,24.99,PayPal
TXN-00899,CLI-0149,PRD-004,2024-12-24,1.0,89.99,Transferencia
TXN-00036,CLI-0052,PRD-013,2024-12-24,2.0,89.98,Efectivo
TXN-00172,CLI-0001,PRD-008,2024-12-24,2.0,79.98,Tarjeta Crédito
TXN-00549,CLI-0168,PRD-008,2024-12-25,2.0,79.98,PayPal
TXN-00356,CLI-0173,PRD-014,2024-12-25,3.0,104.97,Tarjeta Crédito
TXN-00915,CLI-0182,PRD-001,2024-12-25,1.0,1299.99,Tarjeta Débito
TXN-02776,CLI-0026,PRD-017,2024-12-25,1.0,549.99,Tarjeta Crédito
TXN-00405,CLI-0098,PRD-005,2024-12-25,5.0,2249.95,Tarjeta Crédito
TXN-01455,CLI-0030,PRD-013,2024-12-25,,44.99,Tarjeta Débito
TXN-02201,CLI-0192,PRD-009,2024-12-26,5.0,374.95,Tarjeta Débito
TXN-01383,CLI-0050,PRD-014,2024-12-26,5.0,174.95,Tarjeta Débito
TXN-02312,CLI-0155,PRD-016,2024-12-26,3.0,899.97,Tarjeta Débito
TXN-01454,CLI-0125,PRD-004,2024-12-26,5.0,449.95,Tarjeta Débito
TXN-01036,CLI-0087,PRD-004,2024-12-26,4.0,359.96,Transferencia
TXN-02446,CLI-0049,PRD-018,2024-12-26,1.0,14.99,PayPal
TXN-01516,CLI-0032,PRD-002,2024-12-26,3.0,2099.97,Transferencia
TXN-00428,CLI-0134,PRD-007,2024-12-26,2.0,119.98,Transferencia
TXN-02685,CLI-0169,PRD-001,2024-12-26,5.0,6499.95,Transferencia
TXN-00256,CLI-0187,PRD-022,2024-12-26,1.0,89.99,Transferencia
TXN-00603,CLI-0151,PRD-007,2024-12-26,4.0,239.96,Efectivo
TXN-00445,CLI-0091,PRD-013,2024-12-26,1.0,44.99,Tarjeta Crédito
TXN-01315,CLI-0149,PRD-019,2024-12-26,1.0,109.99,Tarjeta Crédito
TXN-01399,CLI-0190,PRD-007,2024-12-26,1.0,59.99,Tarjeta Débito
TXN-01113,CLI-0110,PRD-019,2024-12-27,4.0,439.96,Tarjeta Débito
TXN-01121,CLI-0062,PRD-008,2024-12-27,2.0,79.98,Transferencia
TXN-00947,CLI-0195,PRD-017,2024-12-27,3.0,1649.97,Tarjeta Crédito
TXN-00311,CLI-0184,PRD-004,2024-12-27,3.0,269.97,PayPal
TXN-01026,CLI-0055,PRD-002,2024-12-27,1.0,699.99,Tarjeta Crédito
TXN-02749,CLI-0173,PRD-002,2024-12-27,1.0,699.99,Transferencia
TXN-02367,CLI-0043,PRD-011,2024-12-27,1.0,12.99,Efectivo
TXN-01633,CLI-0116,PRD-007,2024-12-27,2.0,119.98,Tarjeta Crédito
TXN-00542,CLI-0188,PRD-013,2024-12-27,4.0,179.96,Tarjeta Crédito
TXN-01334,CLI-0122,PRD-018,2024-12-27,2.0,29.98,Tarjeta Débito
TXN-02149,CLI-0038,PRD-017,2024-12-27,4.0,2199.96,Tarjeta Crédito
TXN-00639,CLI-0183,PRD-003,2024-12-28,5.0,149.95,Tarjeta Crédito
TXN-00208,CLI-0172,PRD-011,2024-12-28,2.0,25.98,Tarjeta Débito
TXN-00514,CLI-0025,PRD-010,2024-12-28,5.0,174.95,Tarjeta Crédito
TXN-02358,CLI-0059,PRD-004,2024-12-28,1.0,89.99,Tarjeta Débito
TXN-01864,CLI-0023,PRD-003,2024-12-28,2.0,59.98,Tarjeta Débito
TXN-01154,CLI-0120,PRD-007,2024-12-28,4.0,239.96,Efectivo
TXN-01847,CLI-0197,PRD-016,2024-12-28,1.0,299.99,Tarjeta Crédito
TXN-02879,CLI-0104,PRD-005,2024-12-28,2.0,899.98,Transferencia
TXN-02721,CLI-0131,PRD-006,2024-12-29,2.0,499.98,Transferencia
TXN-00543,CLI-0088,PRD-003,2024-12-29,5.0,149.95,Tarjeta Crédito
TXN-00083,CLI-0054,PRD-007,2024-12-29,1.0,59.99,Efectivo
TXN-00308,CLI-0010,PRD-006,2024-12-29,1.0,249.99,Tarjeta Crédito
TXN-02596,CLI-0042,PRD-002,2024-12-29,5.0,3499.95,Efectivo
TXN-01268,CLI-0100,PRD-003,2024-12-29,1.0,29.99,Transferencia
TXN-01046,CLI-0157,PRD-020,2024-12-30,1.0,15.99,Tarjeta Débito
TXN-01485,CLI-0018,PRD-007,2024-12-30,4.0,239.96,Tarjeta Crédito
TXN-01129,CLI-0094,PRD-010,2024-12-30,1.0,34.99,Tarjeta Crédito
TXN-01089,CLI-0187,PRD-020,2024-12-30,4.0,63.96,Transferencia
TXN-02245,CLI-0102,PRD-002,2024-12-30,5.0,3499.95,Efectivo
TXN-02319,CLI-0182,PRD-007,2024-12-30,2.0,119.98,Transferencia
TXN-00663,CLI-0036,PRD-024,2024-12-30,1.0,29.99,Tarjeta Crédito
TXN-01165,CLI-0180,PRD-002,2024-12-30,2.0,1399.98,Transferencia
TXN-00914,CLI-0065,PRD-001,2024-12-30,,2599.98,Tarjeta Crédito
TXN-00905,CLI-0179,PRD-007,2024-12-30,3.0,179.97,Tarjeta Crédito
TXN-02634,CLI-0128,PRD-005,2024-12-31,4.0,1799.96,Tarjeta Débito
TXN-02148,CLI-0187,PRD-007,2024-12-31,2.0,119.98,Tarjeta Crédito
TXN-02176,CLI-0039,PRD-001,2024-12-31,1.0,1299.99,Transferencia
TXN-00284,CLI-0132,PRD-014,2024-12-31,3.0,104.97,Tarjeta Débito
TXN-00642,CLI-0014,PRD-012,2024-12-31,4.0,79.96,Tarjeta Crédito
TXN-02515,CLI-0020,PRD-024,2024-12-31,3.0,89.97,Tarjeta Débito
TXN-01365,CLI-0185,PRD-019,2024-12-31,1.0,109.99,Tarjeta Débito
TXN-00678,CLI-0127,PRD-011,2024-12-31,3.0,38.97,Transferencia
TXN-02449,CLI-0176,PRD-023,2024-12-31,1.0,349.99,Tarjeta Crédito
TXN-02461,CLI-0082,PRD-023,2024-12-31,2.0,699.98,Tarjeta Crédito
TXN-00819,CLI-0192,PRD-018,2025-01-01,1.0,14.99,Tarjeta Crédito
TXN-00205,CLI-0002,PRD-009,2025-01-01,3.0,224.97,Tarjeta Crédito
TXN-01778,CLI-0080,PRD-007,2025-01-01,1.0,59.99,Transferencia
TXN-02724,CLI-0070,PRD-003,2025-01-01,4.0,119.96,Tarjeta Crédito
TXN-00519,CLI-0042,PRD-006,2025-01-01,4.0,999.96,Tarjeta Crédito
TXN-02396,CLI-0077,PRD-008,2025-01-01,4.0,159.96,Tarjeta Crédito
TXN-02792,CLI-0149,PRD-018,2025-01-01,2.0,29.98,Tarjeta Débito
TXN-02329,CLI-0082,PRD-001,2025-01-02,2.0,2599.98,Tarjeta Débito
TXN-01753,CLI-0166,PRD-009,2025-01-02,3.0,224.97,Efectivo
TXN-00024,CLI-0171,PRD-019,2025-01-02,1.0,109.99,Tarjeta Débito
TXN-01770,CLI-0006,PRD-016,2025-01-02,5.0,1499.95,PayPal
TXN-01688,CLI-0056,PRD-013,2025-01-02,4.0,179.96,Tarjeta Débito
TXN-00331,CLI-0141,PRD-004,2025-01-02,5.0,449.95,Tarjeta Crédito
TXN-00649,CLI-0144,PRD-014,2025-01-02,2.0,69.98,Tarjeta Débito
TXN-00369,CLI-0063,PRD-014,2025-01-02,2.0,69.98,Tarjeta Crédito
TXN-02084,CLI-0139,PRD-025,2025-01-02,2.0,19.98,Tarjeta Débito
TXN-02705,CLI-0104,PRD-005,2025-01-02,1.0,449.99,Transferencia
TXN-01901,CLI-0072,PRD-007,2025-01-02,1.0,59.99,Tarjeta Crédito
TXN-00322,CLI-0121,PRD-006,2025-01-02,1.0,249.99,Tarjeta Crédito
TXN-00553,CLI-0154,PRD-008,2025-01-03,1.0,39.99,Tarjeta Crédito
TXN-01798,CLI-0170,PRD-007,2025-01-03,4.0,239.96,Tarjeta Crédito
TXN-02759,CLI-0163,PRD-008,2025-01-03,1.0,39.99,Tarjeta Crédito
TXN-00975,CLI-0074,PRD-002,2025-01-03,5.0,3499.95,Tarjeta Crédito
TXN-01732,CLI-0188,PRD-001,2025-01-03,4.0,5199.96,Tarjeta Crédito
TXN-02439,CLI-0090,PRD-012,2025-01-03,2.0,39.98,Tarjeta Débito
TXN-00475,CLI-0117,PRD-018,2025-01-03,3.0,44.97,Tarjeta Crédito
TXN-00739,CLI-0014,PRD-011,2025-01-04,2.0,25.98,PayPal
TXN-02320,CLI-0125,PRD-008,2025-01-04,4.0,159.96,Transferencia
TXN-02623,CLI-0019,PRD-021,2025-01-04,1.0,24.99,Tarjeta Crédito
TXN-02505,CLI-0014,PRD-012,2025-01-04,1.0,19.99,PayPal
TXN-00970,CLI-0168,PRD-001,2025-01-04,5.0,6499.95,Tarjeta Débito
TXN-00650,CLI-0111,PRD-003,2025-01-04,1.0,29.99,Efectivo
TXN-02649,CLI-0012,PRD-014,2025-01-04,2.0,69.98,Tarjeta Débito
TXN-00062,CLI-0118,PRD-014,2025-01-04,4.0,139.96,Tarjeta Débito
TXN-01741,CLI-0085,PRD-014,2025-01-04,1.0,34.99,PayPal
TXN-01907,CLI-0038,PRD-003,2025-01-04,2.0,59.98,Tarjeta Crédito
TXN-01252,CLI-0087,PRD-003,2025-01-04,1.0,29.99,Efectivo
TXN-01603,CLI-0010,PRD-013,2025-01-04,2.0,89.98,Efectivo
TXN-00074,CLI-0092,PRD-020,2025-01-05,2.0,31.98,Transferencia
TXN-01650,CLI-0038,PRD-008,2025-01-05,2.0,79.98,Transferencia
TXN-00044,CLI-0068,PRD-015,2025-01-05,2.0,799.98,Tarjeta Crédito
TXN-01457,CLI-0053,PRD-004,2025-01-05,1.0,89.99,Tarjeta Crédito
TXN-01012,CLI-0134,PRD-013,2025-01-06,1.0,44.99,Transferencia
TXN-01367,CLI-0140,PRD-018,2025-01-06,1.0,14.99,Transferencia
TXN-02812,CLI-0085,PRD-018,2025-01-06,4.0,59.96,Transferencia
TXN-01259,CLI-0084,PRD-004,2025-01-06,1.0,89.99,Transferencia
TXN-02799,CLI-0028,PRD-006,2025-01-06,2.0,499.98,Tarjeta Débito
TXN-01021,CLI-0027,PRD-009,2025-01-06,2.0,149.98,Tarjeta Crédito
TXN-02991,CLI-0198,PRD-003,2025-01-06,3.0,89.97,Efectivo
TXN-01069,CLI-0090,PRD-020,2025-01-07,2.0,31.98,Tarjeta Crédito
TXN-02987,CLI-0103,PRD-018,2025-01-07,2.0,29.98,Tarjeta Crédito
TXN-02317,CLI-0180,PRD-003,2025-01-07,1.0,29.99,Tarjeta Débito
TXN-00512,CLI-0147,PRD-002,2025-01-07,2.0,1399.98,Efectivo
TXN-02326,CLI-0053,PRD-013,2025-01-07,3.0,134.97,Tarjeta Crédito
TXN-02436,CLI-0039,PRD-005,2025-01-07,4.0,1799.96,Tarjeta Débito
TXN-00237,CLI-0085,PRD-016,2025-01-07,2.0,599.98,Tarjeta Débito
TXN-01052,CLI-0071,PRD-005,2025-01-07,3.0,1349.97,Efectivo
TXN-02236,CLI-0055,PRD-003,2025-01-07,1.0,29.99,Transferencia
TXN-00364,CLI-0082,PRD-014,2025-01-08,1.0,34.99,Tarjeta Débito
TXN-00881,CLI-0030,PRD-014,2025-01-08,4.0,139.96,Tarjeta Crédito
TXN-00333,CLI-0078,PRD-002,2025-01-08,2.0,1399.98,Tarjeta Débito
TXN-00956,CLI-0129,PRD-008,2025-01-08,1.0,39.99,Tarjeta Crédito
TXN-02143,CLI-0128,PRD-008,2025-01-08,2.0,79.98,Tarjeta Débito
TXN-01567,CLI-0182,PRD-018,2025-01-08,1.0,14.99,Tarjeta Débito
TXN-00073,CLI-0011,PRD-003,2025-01-08,5.0,149.95,Tarjeta Crédito
TXN-02254,CLI-0021,PRD-018,2025-01-08,2.0,29.98,Tarjeta Crédito
TXN-01991,CLI-0134,PRD-004,2025-01-08,4.0,359.96,Tarjeta Débito
TXN-01879,CLI-0177,PRD-018,2025-01-09,1.0,14.99,Transferencia
TXN-01662,CLI-0111,PRD-021,2025-01-09,5.0,124.95,Tarjeta Débito
TXN-02368,CLI-0069,PRD-023,2025-01-09,1.0,349.99,PayPal
TXN-00654,CLI-0083,PRD-023,2025-01-09,1.0,349.99,PayPal
TXN-02352,CLI-0193,PRD-014,2025-01-09,1.0,34.99,Tarjeta Crédito
TXN-00685,CLI-0189,PRD-016,2025-01-09,3.0,899.97,Tarjeta Crédito
TXN-02960,CLI-0127,PRD-021,2025-01-09,4.0,99.96,Tarjeta Débito
TXN-02826,CLI-0031,PRD-011,2025-01-09,4.0,51.96,Tarjeta Crédito
TXN-02178,CLI-0046,PRD-011,2025-01-09,1.0,12.99,Tarjeta Crédito
TXN-02610,CLI-0187,PRD-009,2025-01-09,4.0,299.96,Tarjeta Crédito
TXN-00968,CLI-0061,PRD-021,2025-01-10,3.0,74.97,PayPal
TXN-02162,CLI-0179,PRD-020,2025-01-10,2.0,31.98,Tarjeta Débito
TXN-01678,CLI-0158,PRD-008,2025-01-10,1.0,39.99,Efectivo
TXN-02878,CLI-0069,PRD-007,2025-01-10,3.0,179.97,Tarjeta Crédito
TXN-01699,CLI-0016,PRD-005,2025-01-10,3.0,1349.97,Tarjeta Crédito
TXN-00901,CLI-0009,PRD-007,2025-01-10,1.0,59.99,Tarjeta Crédito
TXN-01172,CLI-0082,PRD-003,2025-01-10,3.0,89.97,Tarjeta Crédito
TXN-01369,CLI-0002,PRD-006,2025-01-10,1.0,249.99,Tarjeta Crédito
TXN-02443,CLI-0188,PRD-011,2025-01-10,5.0,64.95,Tarjeta Crédito
TXN-02735,CLI-0121,PRD-006,2025-01-10,1.0,249.99,Efectivo
TXN-00410,CLI-0077,PRD-004,2025-01-10,1.0,89.99,Tarjeta Crédito
TXN-01427,CLI-0180,PRD-018,2025-01-10,2.0,29.98,Tarjeta Débito
TXN-02181,CLI-0164,PRD-001,2025-01-10,1.0,1299.99,Transferencia
TXN-00293,CLI-0195,PRD-003,2025-01-10,2.0,59.98,Tarjeta Débito
TXN-00462,CLI-0109,PRD-007,2025-01-10,1.0,59.99,Transferencia
TXN-01478,CLI-0054,PRD-012,2025-01-11,1.0,19.99,Transferencia
TXN-01690,CLI-0095,PRD-005,2025-01-11,2.0,899.98,Tarjeta Débito
TXN-00806,CLI-0017,PRD-005,2025-01-11,2.0,899.98,Tarjeta Débito
TXN-01852,CLI-0051,PRD-013,2025-01-11,4.0,179.96,Tarjeta Débito
TXN-02914,CLI-0029,PRD-003,2025-01-11,2.0,59.98,Tarjeta Débito
TXN-02681,CLI-0166,PRD-006,2025-01-11,1.0,249.99,Tarjeta Débito
TXN-00329,CLI-0018,PRD-003,2025-01-12,1.0,29.99,Tarjeta Crédito
TXN-00515,CLI-0016,PRD-012,2025-01-12,1.0,19.99,PayPal
TXN-00695,CLI-0072,PRD-004,2025-01-12,3.0,269.97,Tarjeta Crédito
TXN-02402,CLI-0030,PRD-021,2025-01-12,1.0,24.99,PayPal
TXN-00043,CLI-0061,PRD-003,2025-01-12,4.0,119.96,Tarjeta Débito
TXN-02056,CLI-0011,PRD-019,2025-01-13,2.0,219.98,Efectivo
TXN-02549,CLI-0174,PRD-012,2025-01-13,1.0,19.99,Efectivo
TXN-02068,CLI-0075,PRD-024,2025-01-13,2.0,59.98,Tarjeta Débito
TXN-00182,CLI-0152,PRD-002,2025-01-13,2.0,,Tarjeta Crédito
TXN-01557,CLI-0106,PRD-014,2025-01-13,3.0,104.97,Transferencia
TXN-02053,CLI-0003,PRD-003,2025-01-13,5.0,149.95,Efectivo
TXN-01316,CLI-0121,PRD-006,2025-01-13,1.0,249.99,Tarjeta Crédito
TXN-00229,CLI-0022,PRD-004,2025-01-13,3.0,269.97,Efectivo
TXN-00585,CLI-0141,PRD-007,2025-01-13,5.0,299.95,Tarjeta Crédito
TXN-02540,CLI-0029,PRD-007,2025-01-13,1.0,59.99,Tarjeta Débito
TXN-00939,CLI-0146,PRD-005,2025-01-14,1.0,449.99,Tarjeta Crédito
TXN-01863,CLI-0099,PRD-020,2025-01-14,1.0,15.99,Transferencia
TXN-02633,CLI-0083,PRD-024,2025-01-14,4.0,119.96,Tarjeta Crédito
TXN-02945,CLI-0019,PRD-009,2025-01-14,2.0,149.98,Transferencia
TXN-02888,CLI-0089,PRD-009,2025-01-14,1.0,74.99,Tarjeta Débito
TXN-02546,CLI-0130,PRD-021,2025-01-14,1.0,24.99,Tarjeta Crédito
TXN-01807,CLI-0109,PRD-018,2025-01-14,1.0,14.99,Transferencia
TXN-01784,CLI-0156,PRD-009,2025-01-14,2.0,149.98,Tarjeta Débito
TXN-00681,CLI-0028,PRD-010,2025-01-14,4.0,139.96,Transferencia
TXN-02873,CLI-0182,PRD-005,2025-01-14,1.0,449.99,Tarjeta Débito
TXN-01497,CLI-0104,PRD-004,2025-01-14,2.0,179.98,PayPal
TXN-01986,CLI-0004,PRD-007,2025-01-14,3.0,179.97,Transferencia
TXN-01014,CLI-0097,PRD-016,2025-01-15,1.0,299.99,Tarjeta Crédito
TXN-02675,CLI-0166,PRD-006,2025-01-15,2.0,499.98,Efectivo
TXN-01941,CLI-0178,PRD-021,2025-01-15,1.0,24.99,Transferencia
TXN-01882,CLI-0010,PRD-008,2025-01-15,1.0,39.99,Tarjeta Crédito
TXN-02787,CLI-0137,PRD-008,2025-01-15,1.0,39.99,Transferencia
TXN-02524,CLI-0037,PRD-018,2025-01-15,5.0,74.95,Tarjeta Débito
TXN-00214,CLI-0166,PRD-007,2025-01-15,1.0,59.99,Efectivo
TXN-01228,CLI-0045,PRD-003,2025-01-16,2.0,59.98,PayPal
TXN-02908,CLI-0004,PRD-003,2025-01-16,2.0,59.98,Tarjeta Crédito
TXN-01599,CLI-0005,PRD-014,2025-01-16,1.0,34.99,Efectivo
TXN-02804,CLI-0168,PRD-010,2025-01-16,4.0,139.96,Tarjeta Débito
TXN-00245,CLI-0119,PRD-019,2025-01-16,2.0,219.98,Tarjeta Crédito
TXN-02016,CLI-0164,PRD-006,2025-01-16,1.0,249.99,PayPal
TXN-00230,CLI-0194,PRD-024,2025-01-16,5.0,149.95,Tarjeta Crédito
TXN-00025,CLI-0019,PRD-011,2025-01-16,5.0,64.95,Tarjeta Crédito
TXN-02796,CLI-0198,PRD-002,2025-01-16,1.0,699.99,Transferencia
TXN-01150,CLI-0157,PRD-008,2025-01-16,4.0,159.96,Tarjeta Crédito
TXN-00020,CLI-0155,PRD-004,2025-01-16,2.0,179.98,Tarjeta Crédito
TXN-01535,CLI-0143,PRD-021,2025-01-17,2.0,49.98,Tarjeta Crédito
TXN-02455,CLI-0103,PRD-010,2025-01-17,2.0,69.98,Transferencia
TXN-00530,CLI-0134,PRD-018,2025-01-17,4.0,59.96,PayPal
TXN-00414,CLI-0150,PRD-019,2025-01-17,1.0,109.99,PayPal
TXN-00541,CLI-0018,PRD-011,2025-01-17,1.0,12.99,Tarjeta Crédito
TXN-00471,CLI-0177,PRD-008,2025-01-17,2.0,79.98,Efectivo
TXN-00955,CLI-0125,PRD-020,2025-01-17,1.0,15.99,Tarjeta Crédito
TXN-02690,CLI-0157,PRD-023,2025-01-17,1.0,349.99,Efectivo
TXN-00202,CLI-0190,PRD-012,2025-01-17,3.0,59.97,Efectivo
TXN-00028,CLI-0174,PRD-011,2025-01-17,5.0,64.95,Tarjeta Débito
TXN-02531,CLI-0159,PRD-020,2025-01-17,2.0,31.98,Tarjeta Débito
TXN-00443,CLI-0103,PRD-009,2025-01-17,2.0,149.98,Efectivo
TXN-02478,CLI-0045,PRD-006,2025-01-17,3.0,749.97,Tarjeta Crédito
TXN-02679,CLI-0046,PRD-007,2025-01-17,1.0,59.99,Tarjeta Crédito
TXN-01025,CLI-0109,PRD-016,2025-01-17,1.0,299.99,Tarjeta Débito
TXN-02950,CLI-0084,PRD-006,2025-01-18,5.0,1249.95,Tarjeta Crédito
TXN-01734,CLI-0179,PRD-012,2025-01-18,2.0,39.98,Transferencia
TXN-02207,CLI-0189,PRD-015,2025-01-18,2.0,799.98,Tarjeta Crédito
TXN-00449,CLI-0115,PRD-015,2025-01-18,5.0,1999.95,Transferencia
TXN-00142,CLI-0078,PRD-014,2025-01-19,2.0,69.98,Transferencia
TXN-02665,CLI-0018,PRD-002,2025-01-19,2.0,1399.98,Transferencia
TXN-02704,CLI-0199,PRD-015,2025-01-19,1.0,399.99,Tarjeta Crédito
TXN-00646,CLI-0007,PRD-008,2025-01-19,3.0,119.97,Efectivo
TXN-00657,CLI-0191,PRD-020,2025-01-19,2.0,31.98,PayPal
TXN-02941,CLI-0160,PRD-008,2025-01-19,1.0,39.99,Tarjeta Crédito
TXN-02840,CLI-0173,PRD-023,2025-01-19,3.0,1049.97,Transferencia
TXN-01823,CLI-0042,PRD-006,2025-01-20,3.0,749.97,Tarjeta Crédito
TXN-00516,CLI-0182,PRD-011,2025-01-20,1.0,12.99,Tarjeta Débito
TXN-00973,CLI-0065,PRD-004,2025-01-20,2.0,179.98,Tarjeta Crédito
TXN-00852,CLI-0059,PRD-003,2025-01-20,2.0,59.98,Tarjeta Débito
TXN-02535,CLI-0033,PRD-010,2025-01-21,5.0,174.95,Transferencia
TXN-01195,CLI-0007,PRD-020,2025-01-21,1.0,15.99,Transferencia
TXN-01341,CLI-0012,PRD-008,2025-01-21,1.0,39.99,Tarjeta Crédito
TXN-00335,CLI-0146,PRD-012,2025-01-21,1.0,19.99,Tarjeta Crédito
TXN-02829,CLI-0121,PRD-003,2025-01-21,2.0,59.98,Tarjeta Débito
TXN-01861,CLI-0030,PRD-005,2025-01-21,1.0,449.99,Transferencia
TXN-01335,CLI-0145,PRD-010,2025-01-21,4.0,139.96,Transferencia
TXN-01354,CLI-0130,PRD-003,2025-01-21,2.0,59.98,PayPal
TXN-01386,CLI-0087,PRD-018,2025-01-21,3.0,44.97,Transferencia
TXN-01918,CLI-0167,PRD-014,2025-01-21,1.0,34.99,Transferencia
TXN-02215,CLI-0070,PRD-007,2025-01-22,2.0,119.98,Tarjeta Crédito
TXN-02212,CLI-0164,PRD-019,2025-01-22,4.0,439.96,Tarjeta Débito
TXN-01848,CLI-0158,PRD-012,2025-01-22,4.0,79.96,Tarjeta Débito
TXN-00500,CLI-0116,PRD-010,2025-01-22,1.0,34.99,Tarjeta Crédito
TXN-00441,CLI-0149,PRD-010,2025-01-22,5.0,174.95,Tarjeta Crédito
TXN-02956,CLI-0011,PRD-021,2025-01-22,2.0,49.98,Tarjeta Débito
TXN-00404,CLI-0099,PRD-012,2025-01-22,5.0,99.95,Tarjeta Débito
TXN-02717,CLI-0051,PRD-006,2025-01-22,4.0,999.96,Tarjeta Débito
TXN-01098,CLI-0089,PRD-005,2025-01-22,4.0,1799.96,Efectivo
TXN-01456,CLI-0172,PRD-010,2025-01-23,5.0,174.95,Tarjeta Débito
TXN-01322,CLI-0035,PRD-012,2025-01-23,2.0,39.98,Tarjeta Crédito
TXN-00479,CLI-0169,PRD-009,2025-01-23,5.0,374.95,Tarjeta Crédito
TXN-02786,CLI-0146,PRD-002,2025-01-23,3.0,2099.97,PayPal
TXN-02783,CLI-0181,PRD-010,2025-01-23,5.0,174.95,Tarjeta Débito
TXN-02095,CLI-0113,PRD-015,2025-01-23,2.0,799.98,Tarjeta Crédito
TXN-01854,CLI-0014,PRD-018,2025-01-24,1.0,14.99,Tarjeta Débito
TXN-00378,CLI-0014,PRD-015,2025-01-24,2.0,799.98,Transferencia
TXN-00187,CLI-0095,PRD-010,2025-01-24,3.0,104.97,PayPal
TXN-00319,CLI-0078,PRD-005,2025-01-24,2.0,899.98,Tarjeta Débito
TXN-00173,CLI-0127,PRD-018,2025-01-24,1.0,14.99,PayPal
TXN-02795,CLI-0123,PRD-009,2025-01-24,4.0,299.96,Tarjeta Débito
TXN-02003,CLI-0176,PRD-022,2025-01-24,4.0,359.96,Tarjeta Crédito
TXN-01940,CLI-0108,PRD-008,2025-01-24,2.0,79.98,Transferencia
TXN-00395,CLI-0033,PRD-020,2025-01-24,2.0,31.98,Transferencia
TXN-02308,CLI-0066,PRD-001,2025-01-24,1.0,1299.99,Transferencia
TXN-00251,CLI-0160,PRD-001,2025-01-24,1.0,1299.99,PayPal
TXN-00159,CLI-0039,PRD-020,2025-01-24,1.0,15.99,Tarjeta Crédito
TXN-00227,CLI-0098,PRD-013,2025-01-24,1.0,44.99,Tarjeta Crédito
TXN-02052,CLI-0035,PRD-020,2025-01-24,3.0,47.97,Tarjeta Crédito
TXN-02167,CLI-0064,PRD-009,2025-01-25,4.0,299.96,Tarjeta Crédito
TXN-01173,CLI-0181,PRD-001,2025-01-25,4.0,5199.96,Tarjeta Crédito
TXN-00876,CLI-0170,PRD-007,2025-01-25,1.0,59.99,Efectivo
TXN-00987,CLI-0079,PRD-005,2025-01-25,4.0,1799.96,PayPal
TXN-01203,CLI-0062,PRD-012,2025-01-25,5.0,99.95,PayPal
TXN-01569,CLI-0028,PRD-016,2025-01-25,2.0,599.98,Tarjeta Crédito
TXN-01396,CLI-0044,PRD-009,2025-01-25,2.0,149.98,Efectivo
TXN-02562,CLI-0064,PRD-020,2025-01-25,5.0,79.95,Tarjeta Crédito
TXN-02389,CLI-0160,PRD-002,2025-01-26,4.0,2799.96,Transferencia
TXN-00694,CLI-0059,PRD-004,2025-01-26,2.0,179.98,Tarjeta Crédito
TXN-01108,CLI-0166,PRD-008,2025-01-26,1.0,39.99,Tarjeta Crédito
TXN-01355,CLI-0012,PRD-006,2025-01-26,2.0,499.98,Tarjeta Crédito
TXN-02135,CLI-0148,PRD-004,2025-01-26,5.0,449.95,Tarjeta Débito
TXN-02292,CLI-0091,PRD-015,2025-01-27,2.0,799.98,Transferencia
TXN-02333,CLI-0037,PRD-009,2025-01-27,1.0,74.99,Tarjeta Crédito
TXN-02273,CLI-0036,PRD-010,2025-01-27,5.0,174.95,Efectivo
TXN-02669,CLI-0144,PRD-020,2025-01-27,5.0,79.95,Tarjeta Débito
TXN-02866,CLI-0076,PRD-010,2025-01-27,5.0,174.95,Tarjeta Débito
TXN-02880,CLI-0161,PRD-015,2025-01-27,1.0,399.99,Tarjeta Crédito
TXN-01919,CLI-0192,PRD-004,2025-01-27,1.0,89.99,PayPal
TXN-00808,CLI-0186,PRD-007,2025-01-28,3.0,179.97,PayPal
TXN-00908,CLI-0198,PRD-013,2025-01-28,2.0,89.98,Tarjeta Débito
TXN-01430,CLI-0026,PRD-007,2025-01-29,2.0,119.98,Efectivo
TXN-01306,CLI-0009,PRD-009,2025-01-29,2.0,149.98,Transferencia
TXN-02756,CLI-0058,PRD-008,2025-01-29,2.0,79.98,Tarjeta Crédito
TXN-00185,CLI-0101,PRD-003,2025-01-29,1.0,29.99,Transferencia
TXN-00354,CLI-0176,PRD-011,2025-01-29,4.0,51.96,Efectivo
TXN-02713,CLI-0052,PRD-011,2025-01-30,3.0,38.97,Tarjeta Crédito
TXN-01917,CLI-0004,PRD-005,2025-01-30,2.0,899.98,PayPal
TXN-00242,CLI-0167,PRD-012,2025-01-30,1.0,19.99,Tarjeta Débito
TXN-00201,CLI-0161,PRD-001,2025-01-31,2.0,2599.98,Tarjeta Débito
TXN-00432,CLI-0087,PRD-006,2025-01-31,1.0,249.99,Tarjeta Débito
TXN-00774,CLI-0079,PRD-005,2025-01-31,5.0,2249.95,Tarjeta Crédito
TXN-00447,CLI-0172,PRD-004,2025-01-31,3.0,269.97,Transferencia
TXN-01544,CLI-0165,PRD-015,2025-01-31,5.0,1999.95,Tarjeta Débito
TXN-00320,CLI-0169,PRD-020,2025-01-31,4.0,63.96,Efectivo
TXN-02828,CLI-0087,PRD-007,2025-01-31,1.0,59.99,Transferencia
TXN-02848,CLI-0130,PRD-010,2025-01-31,1.0,34.99,Transferencia
TXN-00136,CLI-0036,PRD-007,2025-02-01,2.0,119.98,Transferencia
TXN-00081,CLI-0026,PRD-009,2025-02-01,1.0,74.99,Tarjeta Débito
TXN-01883,CLI-0047,PRD-006,2025-02-01,3.0,749.97,Tarjeta Débito
TXN-01131,CLI-0186,PRD-016,2025-02-01,2.0,599.98,Tarjeta Débito
TXN-01169,CLI-0174,PRD-020,2025-02-01,1.0,15.99,Tarjeta Débito
TXN-01571,CLI-0099,PRD-006,2025-02-02,4.0,999.96,Tarjeta Crédito
TXN-00990,CLI-0196,PRD-009,2025-02-02,1.0,74.99,Efectivo
TXN-00325,CLI-0134,PRD-014,2025-02-02,5.0,174.95,Tarjeta Crédito
TXN-02356,CLI-0028,PRD-004,2025-02-02,2.0,179.98,Transferencia
TXN-02565,CLI-0130,PRD-001,2025-02-02,1.0,1299.99,Tarjeta Débito
TXN-01997,CLI-0152,PRD-015,2025-02-02,1.0,399.99,Transferencia
TXN-00272,CLI-0140,PRD-011,2025-02-02,1.0,12.99,Efectivo
TXN-00708,CLI-0196,PRD-010,2025-02-02,2.0,69.98,Tarjeta Débito
TXN-00929,CLI-0022,PRD-001,2025-02-02,1.0,1299.99,Tarjeta Crédito
TXN-00034,CLI-0072,PRD-011,2025-02-03,5.0,64.95,PayPal
TXN-01436,CLI-0126,PRD-004,2025-02-03,2.0,179.98,Transferencia
TXN-02642,CLI-0097,PRD-004,2025-02-03,2.0,179.98,Tarjeta Crédito
TXN-00986,CLI-0108,PRD-010,2025-02-03,2.0,69.98,Tarjeta Crédito
TXN-01674,CLI-0143,PRD-004,2025-02-03,4.0,359.96,Tarjeta Crédito
TXN-01715,CLI-0044,PRD-011,2025-02-03,1.0,12.99,Tarjeta Crédito
TXN-00771,CLI-0001,PRD-014,2025-02-03,3.0,104.97,Tarjeta Crédito
TXN-01981,CLI-0145,PRD-016,2025-02-03,5.0,1499.95,Tarjeta Débito
TXN-00268,CLI-0092,PRD-002,2025-02-03,1.0,699.99,PayPal
TXN-01471,CLI-0068,PRD-011,2025-02-03,5.0,64.95,Tarjeta Débito
TXN-02214,CLI-0049,PRD-021,2025-02-04,5.0,124.95,Efectivo
TXN-01051,CLI-0151,PRD-004,2025-02-04,5.0,449.95,Tarjeta Débito
TXN-00276,CLI-0093,PRD-011,2025-02-04,2.0,25.98,PayPal
TXN-01432,CLI-0075,PRD-003,2025-02-04,1.0,29.99,Efectivo
TXN-00314,CLI-0012,PRD-006,2025-02-04,1.0,249.99,Transferencia
TXN-01926,CLI-0048,PRD-001,2025-02-04,4.0,5199.96,Efectivo
TXN-00219,CLI-0187,PRD-013,2025-02-05,1.0,44.99,Transferencia
TXN-00845,CLI-0001,PRD-020,2025-02-05,3.0,47.97,Transferencia
TXN-02640,CLI-0169,PRD-003,2025-02-05,3.0,89.97,Tarjeta Débito
TXN-02057,CLI-0126,PRD-003,2025-02-05,5.0,149.95,Tarjeta Débito
TXN-00156,CLI-0048,PRD-020,2025-02-05,5.0,79.95,Tarjeta Crédito
TXN-00108,CLI-0007,PRD-016,2025-02-05,1.0,299.99,Tarjeta Crédito
TXN-01884,CLI-0123,PRD-009,2025-02-05,1.0,74.99,Tarjeta Crédito
TXN-00751,CLI-0050,PRD-007,2025-02-05,4.0,239.96,Efectivo
TXN-00305,CLI-0113,PRD-010,2025-02-05,2.0,69.98,Tarjeta Crédito
TXN-01236,CLI-0108,PRD-021,2025-02-05,1.0,24.99,Transferencia
TXN-00244,CLI-0179,PRD-018,2025-02-06,5.0,74.95,Tarjeta Crédito
TXN-02855,CLI-0001,PRD-001,2025-02-06,3.0,3899.97,Transferencia
TXN-02867,CLI-0094,PRD-003,2025-02-06,3.0,89.97,Tarjeta Crédito
TXN-01398,CLI-0119,PRD-022,2025-02-06,3.0,269.97,Tarjeta Crédito
TXN-01216,CLI-0148,PRD-011,2025-02-06,2.0,25.98,Tarjeta Crédito
TXN-01513,CLI-0168,PRD-008,2025-02-07,4.0,159.96,PayPal
TXN-01152,CLI-0082,PRD-021,2025-02-07,3.0,74.97,Transferencia
TXN-00554,CLI-0132,PRD-011,2025-02-07,1.0,12.99,Transferencia
TXN-00051,CLI-0171,PRD-003,2025-02-07,5.0,149.95,Tarjeta Crédito
TXN-00964,CLI-0021,PRD-008,2025-02-07,2.0,79.98,Tarjeta Crédito
TXN-00583,CLI-0099,PRD-009,2025-02-07,1.0,74.99,Tarjeta Débito
TXN-01763,CLI-0043,PRD-007,2025-02-07,3.0,179.97,Tarjeta Crédito
TXN-01412,CLI-0085,PRD-023,2025-02-07,1.0,349.99,Tarjeta Crédito
TXN-02594,CLI-0186,PRD-001,2025-02-07,5.0,6499.95,Tarjeta Crédito
TXN-01066,CLI-0103,PRD-003,2025-02-08,4.0,119.96,Transferencia
TXN-01281,CLI-0123,PRD-016,2025-02-08,2.0,599.98,Tarjeta Crédito
TXN-02474,CLI-0074,PRD-025,2025-02-08,2.0,19.98,Tarjeta Crédito
TXN-02516,CLI-0058,PRD-015,2025-02-08,2.0,799.98,Tarjeta Crédito
TXN-01875,CLI-0109,PRD-007,2025-02-09,2.0,119.98,Tarjeta Débito
TXN-01238,CLI-0049,PRD-023,2025-02-09,3.0,1049.97,Tarjeta Crédito
TXN-02060,CLI-0184,PRD-009,2025-02-09,5.0,374.95,Transferencia
TXN-02632,CLI-0190,PRD-009,2025-02-10,1.0,74.99,Transferencia
TXN-02398,CLI-0188,PRD-001,2025-02-10,5.0,6499.95,Tarjeta Débito
TXN-01829,CLI-0175,PRD-003,2025-02-10,5.0,149.95,Transferencia
TXN-02495,CLI-0170,PRD-021,2025-02-10,4.0,99.96,Transferencia
TXN-00733,CLI-0003,PRD-021,2025-02-10,2.0,49.98,Tarjeta Crédito
TXN-01449,CLI-0114,PRD-003,2025-02-10,1.0,29.99,Tarjeta Crédito
TXN-00090,CLI-0030,PRD-003,2025-02-10,4.0,119.96,Tarjeta Crédito
TXN-00357,CLI-0013,PRD-004,2025-02-10,5.0,449.95,Tarjeta Débito
TXN-01965,CLI-0044,PRD-001,2025-02-10,4.0,5199.96,PayPal
TXN-02071,CLI-0070,PRD-004,2025-02-10,5.0,449.95,Tarjeta Débito
TXN-02803,CLI-0123,PRD-007,2025-02-11,1.0,59.99,Tarjeta Débito
TXN-01996,CLI-0004,PRD-007,2025-02-11,1.0,59.99,Tarjeta Débito
TXN-01595,CLI-0121,PRD-008,2025-02-11,1.0,39.99,PayPal
TXN-01970,CLI-0101,PRD-003,2025-02-11,3.0,89.97,Tarjeta Débito
TXN-00262,CLI-0157,PRD-010,2025-02-11,2.0,69.98,Transferencia
TXN-00491,CLI-0066,PRD-013,2025-02-11,5.0,224.95,Transferencia
TXN-02584,CLI-0141,PRD-013,2025-02-11,5.0,224.95,Tarjeta Crédito
TXN-01073,CLI-0188,PRD-007,2025-02-11,1.0,59.99,Tarjeta Débito
TXN-00450,CLI-0047,PRD-006,2025-02-11,3.0,749.97,Transferencia
TXN-01168,CLI-0154,PRD-008,2025-02-11,1.0,39.99,Efectivo
TXN-00146,CLI-0157,PRD-003,2025-02-12,2.0,59.98,PayPal
TXN-01668,CLI-0183,PRD-012,2025-02-12,4.0,79.96,Transferencia
TXN-01987,CLI-0138,PRD-019,2025-02-12,2.0,219.98,Tarjeta Débito
TXN-01101,CLI-0191,PRD-019,2025-02-12,2.0,219.98,Efectivo
TXN-02473,CLI-0032,PRD-005,2025-02-13,2.0,899.98,Tarjeta Crédito
TXN-01368,CLI-0073,PRD-013,2025-02-13,2.0,89.98,Tarjeta Débito
TXN-02099,CLI-0049,PRD-013,2025-02-13,4.0,179.96,Transferencia
TXN-02014,CLI-0006,PRD-006,2025-02-13,1.0,249.99,Efectivo
TXN-01191,CLI-0052,PRD-010,2025-02-13,2.0,69.98,Transferencia
TXN-02151,CLI-0053,PRD-014,2025-02-13,4.0,139.96,PayPal
TXN-00772,CLI-0034,PRD-006,2025-02-13,4.0,999.96,Tarjeta Débito
TXN-02689,CLI-0190,PRD-007,2025-02-13,4.0,239.96,Tarjeta Débito
TXN-02311,CLI-0117,PRD-025,2025-02-13,3.0,29.97,Tarjeta Crédito
TXN-01466,CLI-0161,PRD-018,2025-02-13,2.0,29.98,Tarjeta Débito
TXN-00838,CLI-0110,PRD-015,2025-02-13,1.0,399.99,PayPal
TXN-02364,CLI-0079,PRD-022,2025-02-13,2.0,179.98,Tarjeta Crédito
TXN-00966,CLI-0016,PRD-007,2025-02-14,1.0,59.99,Tarjeta Débito
TXN-02876,CLI-0053,PRD-012,2025-02-14,2.0,39.98,PayPal
TXN-02193,CLI-0025,PRD-010,2025-02-14,1.0,34.99,Tarjeta Débito
TXN-02447,CLI-0101,PRD-018,2025-02-14,2.0,29.98,Tarjeta Crédito
TXN-00758,CLI-0036,PRD-011,2025-02-14,4.0,51.96,Tarjeta Crédito
TXN-02666,CLI-0117,PRD-001,2025-02-14,1.0,1299.99,Tarjeta Crédito
TXN-00714,CLI-0027,PRD-009,2025-02-14,1.0,74.99,PayPal
TXN-00570,CLI-0170,PRD-012,2025-02-14,5.0,99.95,Transferencia
TXN-02723,CLI-0187,PRD-014,2025-02-14,5.0,174.95,Tarjeta Crédito
TXN-00600,CLI-0040,PRD-001,2025-02-14,1.0,1299.99,Transferencia
TXN-00840,CLI-0018,PRD-011,2025-02-14,2.0,25.98,Tarjeta Crédito
TXN-01218,CLI-0071,PRD-006,2025-02-14,1.0,249.99,Tarjeta Débito
TXN-02741,CLI-0092,PRD-010,2025-02-14,3.0,104.97,Tarjeta Crédito
TXN-01922,CLI-0194,PRD-011,2025-02-14,2.0,25.98,PayPal
TXN-02132,CLI-0092,PRD-006,2025-02-14,1.0,249.99,Transferencia
TXN-00423,CLI-0085,PRD-013,2025-02-14,1.0,44.99,Transferencia
TXN-00126,CLI-0132,PRD-022,2025-02-14,2.0,179.98,Transferencia
TXN-02002,CLI-0168,PRD-007,2025-02-14,2.0,119.98,Tarjeta Débito
TXN-01781,CLI-0148,PRD-003,2025-02-15,1.0,29.99,Tarjeta Crédito
TXN-02243,CLI-0186,PRD-001,2025-02-15,2.0,2599.98,Transferencia
TXN-00652,CLI-0072,PRD-011,2025-02-15,2.0,25.98,Tarjeta Débito
TXN-02424,CLI-0181,PRD-009,2025-02-15,1.0,74.99,Tarjeta Crédito
TXN-02773,CLI-0166,PRD-020,2025-02-15,2.0,31.98,PayPal
TXN-01419,CLI-0184,PRD-006,2025-02-16,5.0,1249.95,Tarjeta Crédito
TXN-02844,CLI-0061,PRD-005,2025-02-16,1.0,449.99,Transferencia
TXN-00535,CLI-0105,PRD-008,2025-02-16,1.0,39.99,Tarjeta Débito
TXN-00058,CLI-0121,PRD-012,2025-02-16,1.0,19.99,Transferencia
TXN-00191,CLI-0033,PRD-023,2025-02-16,3.0,1049.97,Tarjeta Débito
TXN-00495,CLI-0099,PRD-020,2025-02-16,3.0,47.97,Efectivo
TXN-00304,CLI-0152,PRD-012,2025-02-16,2.0,39.98,Tarjeta Crédito
TXN-02938,CLI-0018,PRD-012,2025-02-17,1.0,19.99,Tarjeta Crédito
TXN-00110,CLI-0081,PRD-020,2025-02-17,1.0,15.99,Tarjeta Crédito
TXN-01023,CLI-0097,PRD-011,2025-02-17,4.0,51.96,Transferencia
TXN-02005,CLI-0035,PRD-023,2025-02-17,3.0,1049.97,Tarjeta Débito
TXN-02660,CLI-0156,PRD-003,2025-02-17,2.0,59.98,Tarjeta Débito
TXN-02126,CLI-0094,PRD-024,2025-02-17,1.0,29.99,Tarjeta Crédito
TXN-00190,CLI-0170,PRD-015,2025-02-18,2.0,799.98,Tarjeta Débito
TXN-02414,CLI-0107,PRD-003,2025-02-18,4.0,119.96,Tarjeta Crédito
TXN-02134,CLI-0045,PRD-008,2025-02-18,5.0,199.95,Efectivo
TXN-02164,CLI-0004,PRD-006,2025-02-18,4.0,999.96,Tarjeta Crédito
TXN-01703,CLI-0037,PRD-006,2025-02-18,1.0,249.99,Tarjeta Débito
TXN-01842,CLI-0036,PRD-004,2025-02-18,5.0,449.95,Tarjeta Crédito
TXN-01110,CLI-0173,PRD-020,2025-02-18,1.0,15.99,Tarjeta Crédito
TXN-00121,CLI-0181,PRD-007,2025-02-18,3.0,179.97,Tarjeta Crédito
TXN-01816,CLI-0081,PRD-008,2025-02-18,5.0,199.95,PayPal
TXN-01921,CLI-0156,PRD-006,2025-02-18,4.0,999.96,Tarjeta Débito
TXN-02298,CLI-0072,PRD-018,2025-02-18,1.0,14.99,Tarjeta Crédito
TXN-02806,CLI-0076,PRD-013,2025-02-19,2.0,89.98,Transferencia
TXN-00067,CLI-0004,PRD-010,2025-02-19,2.0,69.98,Tarjeta Crédito
TXN-01832,CLI-0062,PRD-024,2025-02-19,3.0,89.97,Tarjeta Débito
TXN-00879,CLI-0151,PRD-013,2025-02-19,2.0,89.98,Tarjeta Crédito
TXN-00767,CLI-0189,PRD-006,2025-02-19,3.0,749.97,Tarjeta Crédito
TXN-02372,CLI-0103,PRD-002,2025-02-19,4.0,2799.96,Tarjeta Crédito
TXN-00752,CLI-0079,PRD-013,2025-02-19,1.0,44.99,Tarjeta Débito
TXN-01931,CLI-0068,PRD-007,2025-02-19,2.0,119.98,Tarjeta Crédito
TXN-01993,CLI-0137,PRD-003,2025-02-19,1.0,29.99,Transferencia
TXN-00403,CLI-0154,PRD-001,2025-02-20,1.0,1299.99,Tarjeta Crédito
TXN-00042,CLI-0103,PRD-015,2025-02-20,1.0,399.99,Tarjeta Crédito
TXN-00798,CLI-0022,PRD-010,2025-02-20,2.0,69.98,Tarjeta Débito
TXN-01027,CLI-0192,PRD-008,2025-02-20,1.0,39.99,Tarjeta Débito
TXN-01788,CLI-0018,PRD-009,2025-02-20,1.0,74.99,Transferencia
TXN-01401,CLI-0134,PRD-024,2025-02-20,5.0,149.95,Transferencia
TXN-01588,CLI-0056,PRD-014,2025-02-20,5.0,174.95,Tarjeta Crédito
TXN-01307,CLI-0015,PRD-006,2025-02-20,3.0,749.97,Tarjeta Crédito
TXN-02260,CLI-0020,PRD-018,2025-02-21,2.0,29.98,Efectivo
TXN-02108,CLI-0117,PRD-019,2025-02-21,2.0,219.98,Transferencia
TXN-01167,CLI-0154,PRD-008,2025-02-21,1.0,39.99,PayPal
TXN-01746,CLI-0069,PRD-019,2025-02-21,2.0,219.98,Tarjeta Crédito
TXN-02482,CLI-0161,PRD-003,2025-02-21,,89.97,PayPal
TXN-02614,CLI-0030,PRD-018,2025-02-21,1.0,14.99,Tarjeta Débito
TXN-01860,CLI-0017,PRD-011,2025-02-21,1.0,12.99,Efectivo
TXN-01549,CLI-0123,PRD-016,2025-02-21,4.0,1199.96,Transferencia
TXN-01362,CLI-0051,PRD-002,2025-02-21,1.0,699.99,Tarjeta Débito
TXN-01609,CLI-0036,PRD-003,2025-02-21,1.0,29.99,Transferencia
TXN-01492,CLI-0013,PRD-019,2025-02-21,5.0,549.95,Tarjeta Crédito
TXN-00520,CLI-0147,PRD-010,2025-02-21,1.0,34.99,Efectivo
TXN-02859,CLI-0147,PRD-016,2025-02-21,2.0,599.98,Tarjeta Débito
TXN-02903,CLI-0074,PRD-019,2025-02-21,4.0,439.96,Transferencia
TXN-02101,CLI-0033,PRD-021,2025-02-22,2.0,49.98,Transferencia
TXN-01840,CLI-0081,PRD-010,2025-02-22,5.0,174.95,Tarjeta Crédito
TXN-02892,CLI-0172,PRD-010,2025-02-22,4.0,139.96,Transferencia
TXN-02284,CLI-0102,PRD-010,2025-02-22,2.0,69.98,Tarjeta Crédito
TXN-02286,CLI-0176,PRD-014,2025-02-22,3.0,104.97,Tarjeta Crédito
TXN-01862,CLI-0088,PRD-024,2025-02-23,5.0,149.95,Transferencia
TXN-00489,CLI-0075,PRD-007,2025-02-23,1.0,59.99,Transferencia
TXN-02712,CLI-0079,PRD-001,2025-02-23,2.0,2599.98,Tarjeta Crédito
TXN-01305,CLI-0037,PRD-009,2025-02-23,1.0,74.99,Efectivo
TXN-01695,CLI-0181,PRD-003,2025-02-23,1.0,29.99,Transferencia
TXN-01643,CLI-0163,PRD-024,2025-02-23,1.0,29.99,Tarjeta Crédito
TXN-01298,CLI-0143,PRD-013,2025-02-23,2.0,89.98,PayPal
TXN-00287,CLI-0195,PRD-005,2025-02-24,3.0,1349.97,Tarjeta Crédito
TXN-02827,CLI-0011,PRD-018,2025-02-24,1.0,14.99,Tarjeta Crédito
TXN-00332,CLI-0043,PRD-009,2025-02-24,2.0,149.98,Tarjeta Débito
TXN-00001,CLI-0200,PRD-008,2025-02-24,4.0,159.96,Efectivo
TXN-01967,CLI-0078,PRD-018,2025-02-24,3.0,44.97,PayPal
TXN-01140,CLI-0145,PRD-016,2025-02-24,2.0,599.98,Transferencia
TXN-01055,CLI-0032,PRD-009,2025-02-24,2.0,149.98,Tarjeta Crédito
TXN-01687,CLI-0055,PRD-009,2025-02-24,2.0,149.98,Tarjeta Crédito
TXN-00635,CLI-0128,PRD-014,2025-02-24,3.0,104.97,Tarjeta Débito
TXN-01246,CLI-0026,PRD-011,2025-02-24,3.0,38.97,Tarjeta Crédito
TXN-02426,CLI-0169,PRD-010,2025-02-25,5.0,174.95,Tarjeta Crédito
TXN-01050,CLI-0169,PRD-012,2025-02-25,3.0,59.97,Tarjeta Débito
TXN-01400,CLI-0122,PRD-009,2025-02-25,3.0,224.97,PayPal
TXN-00188,CLI-0101,PRD-002,2025-02-25,1.0,699.99,PayPal
TXN-00784,CLI-0038,PRD-001,2025-02-25,3.0,3899.97,Tarjeta Crédito
TXN-01208,CLI-0118,PRD-007,2025-02-25,3.0,179.97,Transferencia
TXN-00940,CLI-0122,PRD-011,2025-02-25,1.0,12.99,Tarjeta Débito
TXN-01841,CLI-0039,PRD-012,2025-02-25,4.0,79.96,Tarjeta Débito
TXN-02961,CLI-0113,PRD-018,2025-02-25,5.0,74.95,Transferencia
TXN-01458,CLI-0138,PRD-011,2025-02-26,5.0,64.95,Tarjeta Crédito
TXN-01867,CLI-0032,PRD-011,2025-02-26,1.0,12.99,Tarjeta Crédito
TXN-00807,CLI-0080,PRD-018,2025-02-26,3.0,44.97,PayPal
TXN-00194,CLI-0094,PRD-013,2025-02-26,1.0,44.99,Tarjeta Crédito
TXN-00324,CLI-0171,PRD-003,2025-02-26,,119.96,Tarjeta Débito
TXN-02958,CLI-0144,PRD-006,2025-02-26,1.0,249.99,Tarjeta Crédito
TXN-01708,CLI-0146,PRD-018,2025-02-26,2.0,29.98,Transferencia
TXN-02182,CLI-0111,PRD-014,2025-02-26,2.0,69.98,Tarjeta Crédito
TXN-02981,CLI-0092,PRD-017,2025-02-26,2.0,1099.98,Tarjeta Débito
TXN-01016,CLI-0023,PRD-006,2025-02-27,1.0,249.99,Tarjeta Crédito
TXN-02854,CLI-0067,PRD-019,2025-02-27,2.0,219.98,Tarjeta Crédito
TXN-02662,CLI-0107,PRD-004,2025-02-27,1.0,89.99,Tarjeta Crédito
TXN-01641,CLI-0091,PRD-003,2025-02-27,1.0,29.99,Tarjeta Crédito
TXN-00850,CLI-0027,PRD-004,2025-02-27,2.0,179.98,Tarjeta Crédito
TXN-01675,CLI-0027,PRD-015,2025-02-27,5.0,1999.95,PayPal
TXN-00270,CLI-0035,PRD-011,2025-02-28,3.0,38.97,Transferencia
TXN-01795,CLI-0097,PRD-020,2025-02-28,2.0,31.98,Tarjeta Débito
TXN-01895,CLI-0027,PRD-011,2025-02-28,1.0,12.99,Tarjeta Crédito
TXN-01001,CLI-0140,PRD-025,2025-02-28,5.0,49.95,Tarjeta Crédito
TXN-02728,CLI-0067,PRD-018,2025-02-28,4.0,59.96,PayPal
TXN-01294,CLI-0135,PRD-014,2025-02-28,2.0,69.98,Tarjeta Crédito
TXN-02440,CLI-0085,PRD-018,2025-02-28,1.0,14.99,Tarjeta Débito
TXN-02445,CLI-0073,PRD-018,2025-02-28,3.0,44.97,Tarjeta Crédito
TXN-02818,CLI-0159,PRD-014,2025-02-28,,139.96,Tarjeta Débito
TXN-01802,CLI-0153,PRD-015,2025-02-28,2.0,799.98,Tarjeta Crédito
TXN-01448,CLI-0179,PRD-011,2025-03-01,2.0,25.98,Tarjeta Crédito
TXN-00633,CLI-0062,PRD-003,2025-03-01,3.0,89.97,Tarjeta Débito
TXN-00824,CLI-0197,PRD-010,2025-03-01,4.0,139.96,Tarjeta Crédito
TXN-00310,CLI-0200,PRD-004,2025-03-02,2.0,179.98,Tarjeta Débito
TXN-00870,CLI-0018,PRD-002,2025-03-02,1.0,699.99,PayPal
TXN-02046,CLI-0057,PRD-006,2025-03-02,4.0,999.96,Tarjeta Crédito
TXN-02202,CLI-0069,PRD-004,2025-03-03,2.0,179.98,Transferencia
TXN-02476,CLI-0081,PRD-006,2025-03-03,3.0,749.97,Tarjeta Crédito
TXN-01153,CLI-0148,PRD-011,2025-03-03,1.0,12.99,Tarjeta Débito
TXN-02869,CLI-0022,PRD-010,2025-03-03,2.0,69.98,Tarjeta Débito
TXN-01806,CLI-0172,PRD-006,2025-03-03,1.0,249.99,Tarjeta Débito
TXN-02758,CLI-0029,PRD-003,2025-03-03,1.0,29.99,Tarjeta Débito
TXN-00488,CLI-0173,PRD-004,2025-03-03,1.0,89.99,Transferencia
TXN-01580,CLI-0078,PRD-003,2025-03-03,3.0,89.97,PayPal
TXN-02115,CLI-0176,PRD-003,2025-03-03,1.0,29.99,Transferencia
TXN-01533,CLI-0160,PRD-018,2025-03-03,4.0,59.96,PayPal
TXN-01515,CLI-0073,PRD-012,2025-03-03,4.0,79.96,Tarjeta Crédito
TXN-01145,CLI-0082,PRD-002,2025-03-04,3.0,2099.97,Tarjeta Crédito
TXN-02146,CLI-0047,PRD-012,2025-03-04,4.0,79.96,Tarjeta Crédito
TXN-01126,CLI-0117,PRD-010,2025-03-04,3.0,104.97,PayPal
TXN-02597,CLI-0194,PRD-020,2025-03-04,5.0,79.95,Tarjeta Crédito
TXN-01591,CLI-0101,PRD-003,2025-03-04,2.0,59.98,Tarjeta Crédito
TXN-02382,CLI-0161,PRD-007,2025-03-04,2.0,119.98,Tarjeta Débito
TXN-02919,CLI-0033,PRD-013,2025-03-04,5.0,224.95,Tarjeta Crédito
TXN-00155,CLI-0039,PRD-001,2025-03-04,2.0,2599.98,Tarjeta Crédito
TXN-01716,CLI-0007,PRD-011,2025-03-04,2.0,25.98,Tarjeta Débito
TXN-01060,CLI-0105,PRD-002,2025-03-04,2.0,1399.98,Tarjeta Débito
TXN-01122,CLI-0137,PRD-010,2025-03-05,1.0,34.99,Tarjeta Crédito
TXN-02771,CLI-0152,PRD-004,2025-03-05,5.0,449.95,Transferencia
TXN-02379,CLI-0007,PRD-007,2025-03-05,4.0,239.96,Efectivo
TXN-01581,CLI-0075,PRD-011,2025-03-05,5.0,64.95,Tarjeta Débito
TXN-00532,CLI-0122,PRD-021,2025-03-06,3.0,74.97,Efectivo
TXN-02744,CLI-0012,PRD-003,2025-03-06,1.0,29.99,PayPal
TXN-01032,CLI-0055,PRD-010,2025-03-06,3.0,104.97,Tarjeta Crédito
TXN-00225,CLI-0196,PRD-012,2025-03-06,1.0,19.99,Tarjeta Débito
TXN-00336,CLI-0059,PRD-007,2025-03-06,3.0,179.97,Tarjeta Débito
TXN-02916,CLI-0014,PRD-011,2025-03-06,5.0,64.95,Efectivo
TXN-01004,CLI-0032,PRD-006,2025-03-06,1.0,249.99,PayPal
TXN-02618,CLI-0111,PRD-020,2025-03-07,4.0,63.96,Transferencia
TXN-00171,CLI-0199,PRD-012,2025-03-07,2.0,39.98,Transferencia
TXN-02821,CLI-0094,PRD-018,2025-03-07,1.0,14.99,Transferencia
TXN-01954,CLI-0071,PRD-016,2025-03-07,1.0,299.99,Tarjeta Crédito
TXN-01380,CLI-0182,PRD-002,2025-03-07,2.0,1399.98,Tarjeta Crédito
TXN-00744,CLI-0095,PRD-006,2025-03-07,4.0,999.96,Tarjeta Débito
TXN-02438,CLI-0054,PRD-014,2025-03-07,3.0,104.97,Tarjeta Débito
TXN-02077,CLI-0178,PRD-003,2025-03-07,4.0,119.96,PayPal
TXN-01479,CLI-0065,PRD-014,2025-03-07,4.0,139.96,Tarjeta Crédito
TXN-00630,CLI-0188,PRD-001,2025-03-07,1.0,1299.99,Tarjeta Crédito
TXN-02158,CLI-0064,PRD-006,2025-03-07,1.0,249.99,Tarjeta Débito
TXN-02096,CLI-0093,PRD-011,2025-03-07,2.0,25.98,Tarjeta Crédito
TXN-02102,CLI-0022,PRD-003,2025-03-07,3.0,89.97,Tarjeta Crédito
TXN-02948,CLI-0101,PRD-025,2025-03-07,3.0,29.97,PayPal
TXN-01185,CLI-0107,PRD-019,2025-03-07,3.0,329.97,Transferencia
TXN-01785,CLI-0005,PRD-014,2025-03-08,3.0,104.97,Tarjeta Crédito
TXN-00253,CLI-0197,PRD-016,2025-03-08,5.0,1499.95,Tarjeta Débito
TXN-02923,CLI-0023,PRD-003,2025-03-08,4.0,119.96,Transferencia
TXN-00327,CLI-0171,PRD-016,2025-03-08,1.0,299.99,PayPal
TXN-00522,CLI-0080,PRD-016,2025-03-08,3.0,899.97,Transferencia
TXN-00916,CLI-0113,PRD-020,2025-03-08,2.0,31.98,PayPal
TXN-02890,CLI-0112,PRD-012,2025-03-08,4.0,79.96,Tarjeta Débito
TXN-01764,CLI-0177,PRD-007,2025-03-09,4.0,239.96,Tarjeta Débito
TXN-02979,CLI-0066,PRD-014,2025-03-09,2.0,69.98,Transferencia
TXN-01370,CLI-0008,PRD-006,2025-03-09,2.0,499.98,Transferencia
TXN-01295,CLI-0187,PRD-018,2025-03-09,1.0,14.99,Tarjeta Débito
TXN-02936,CLI-0190,PRD-011,2025-03-09,5.0,64.95,Tarjeta Débito
TXN-01769,CLI-0095,PRD-011,2025-03-09,1.0,12.99,Efectivo
TXN-00032,CLI-0065,PRD-004,2025-03-09,1.0,89.99,Tarjeta Crédito
TXN-02375,CLI-0199,PRD-013,2025-03-09,3.0,134.97,Tarjeta Crédito
TXN-00792,CLI-0056,PRD-018,2025-03-09,1.0,14.99,Efectivo
TXN-02715,CLI-0153,PRD-002,2025-03-09,2.0,1399.98,Tarjeta Débito
TXN-02654,CLI-0197,PRD-007,2025-03-09,1.0,59.99,PayPal
TXN-02626,CLI-0128,PRD-012,2025-03-09,5.0,99.95,Tarjeta Débito
TXN-00965,CLI-0181,PRD-006,2025-03-10,2.0,499.98,Tarjeta Crédito
TXN-01944,CLI-0124,PRD-015,2025-03-10,3.0,1199.97,Tarjeta Débito
TXN-02349,CLI-0045,PRD-005,2025-03-10,1.0,449.99,Transferencia
TXN-01253,CLI-0079,PRD-024,2025-03-10,1.0,29.99,PayPal
TXN-01411,CLI-0070,PRD-009,2025-03-10,4.0,299.96,PayPal
TXN-01924,CLI-0159,PRD-015,2025-03-10,5.0,1999.95,PayPal
TXN-01928,CLI-0125,PRD-018,2025-03-10,2.0,29.98,Tarjeta Crédito
TXN-00075,CLI-0182,PRD-001,2025-03-10,1.0,1299.99,Tarjeta Débito
TXN-00577,CLI-0067,PRD-019,2025-03-10,2.0,219.98,Tarjeta Crédito
TXN-01387,CLI-0135,PRD-022,2025-03-10,2.0,179.98,Tarjeta Débito
TXN-00294,CLI-0009,PRD-008,2025-03-11,2.0,79.98,Tarjeta Débito
TXN-02259,CLI-0192,PRD-025,2025-03-11,2.0,19.98,PayPal
TXN-02227,CLI-0001,PRD-010,2025-03-11,3.0,104.97,Transferencia
TXN-02082,CLI-0145,PRD-004,2025-03-11,4.0,359.96,PayPal
TXN-01775,CLI-0021,PRD-001,2025-03-11,5.0,6499.95,PayPal
TXN-02183,CLI-0082,PRD-018,2025-03-12,1.0,14.99,Tarjeta Crédito
TXN-01493,CLI-0083,PRD-025,2025-03-12,4.0,39.96,Transferencia
TXN-02559,CLI-0189,PRD-009,2025-03-12,1.0,74.99,Transferencia
TXN-02980,CLI-0137,PRD-015,2025-03-12,1.0,399.99,PayPal
TXN-01100,CLI-0022,PRD-012,2025-03-12,5.0,99.95,Tarjeta Débito
TXN-02295,CLI-0179,PRD-011,2025-03-12,1.0,12.99,Tarjeta Débito
TXN-01762,CLI-0190,PRD-011,2025-03-12,2.0,25.98,Tarjeta Crédito
TXN-02911,CLI-0060,PRD-008,2025-03-12,3.0,119.97,Tarjeta Crédito
TXN-00063,CLI-0054,PRD-020,2025-03-12,3.0,47.97,Transferencia
TXN-02836,CLI-0021,PRD-002,2025-03-13,1.0,699.99,Tarjeta Débito
TXN-01899,CLI-0082,PRD-014,2025-03-13,2.0,69.98,Transferencia
TXN-00847,CLI-0004,PRD-014,2025-03-13,1.0,34.99,Transferencia
TXN-02491,CLI-0153,PRD-014,2025-03-13,3.0,104.97,Efectivo
TXN-01976,CLI-0051,PRD-014,2025-03-13,1.0,34.99,Tarjeta Crédito
TXN-01243,CLI-0078,PRD-008,2025-03-13,5.0,199.95,Tarjeta Débito
TXN-02852,CLI-0198,PRD-016,2025-03-13,2.0,599.98,Tarjeta Débito
TXN-01261,CLI-0187,PRD-012,2025-03-13,4.0,79.96,Transferencia
TXN-00865,CLI-0106,PRD-013,2025-03-13,1.0,44.99,Transferencia
TXN-00485,CLI-0075,PRD-006,2025-03-13,1.0,249.99,Tarjeta Débito
TXN-00296,CLI-0078,PRD-018,2025-03-14,1.0,14.99,Tarjeta Débito
TXN-01114,CLI-0120,PRD-016,2025-03-14,1.0,299.99,Tarjeta Crédito
TXN-02361,CLI-0015,PRD-015,2025-03-14,4.0,1599.96,Tarjeta Crédito
TXN-02351,CLI-0077,PRD-012,2025-03-14,1.0,19.99,Tarjeta Crédito
TXN-01006,CLI-0084,PRD-012,2025-03-14,2.0,39.98,Efectivo
TXN-00815,CLI-0081,PRD-015,2025-03-14,1.0,399.99,Transferencia
TXN-02500,CLI-0082,PRD-009,2025-03-14,4.0,299.96,Tarjeta Débito
TXN-01078,CLI-0170,PRD-007,2025-03-14,5.0,299.95,Tarjeta Débito
TXN-00494,CLI-0117,PRD-007,2025-03-14,2.0,119.98,Tarjeta Débito
TXN-00983,CLI-0172,PRD-006,2025-03-14,1.0,249.99,Transferencia
TXN-01614,CLI-0195,PRD-002,2025-03-14,5.0,3499.95,Tarjeta Débito
TXN-02968,CLI-0035,PRD-007,2025-03-14,1.0,59.99,Efectivo
TXN-01714,CLI-0109,PRD-007,2025-03-14,2.0,119.98,Tarjeta Débito
TXN-01452,CLI-0088,PRD-019,2025-03-15,2.0,219.98,PayPal
TXN-02946,CLI-0070,PRD-009,2025-03-15,2.0,149.98,Tarjeta Crédito
TXN-02824,CLI-0115,PRD-014,2025-03-15,1.0,34.99,Tarjeta Débito
TXN-00607,CLI-0089,PRD-004,2025-03-15,1.0,89.99,Tarjeta Crédito
TXN-01135,CLI-0183,PRD-003,2025-03-15,3.0,89.97,Tarjeta Crédito
TXN-01719,CLI-0068,PRD-012,2025-03-15,1.0,19.99,PayPal
TXN-01659,CLI-0049,PRD-001,2025-03-15,1.0,1299.99,Efectivo
TXN-00875,CLI-0189,PRD-003,2025-03-16,5.0,149.95,Tarjeta Débito
TXN-01209,CLI-0144,PRD-003,2025-03-16,5.0,149.95,Efectivo
TXN-01995,CLI-0024,PRD-020,2025-03-16,2.0,31.98,Tarjeta Crédito
TXN-02970,CLI-0178,PRD-005,2025-03-16,1.0,449.99,Transferencia
TXN-01117,CLI-0057,PRD-003,2025-03-16,3.0,89.97,Tarjeta Débito
TXN-00070,CLI-0007,PRD-008,2025-03-16,1.0,39.99,Tarjeta Crédito
TXN-00347,CLI-0068,PRD-008,2025-03-17,5.0,199.95,PayPal
TXN-00846,CLI-0132,PRD-003,2025-03-17,2.0,59.98,Tarjeta Débito
TXN-00271,CLI-0006,PRD-004,2025-03-17,2.0,179.98,Efectivo
TXN-00676,CLI-0075,PRD-001,2025-03-17,5.0,6499.95,Tarjeta Crédito
TXN-01939,CLI-0133,PRD-002,2025-03-17,2.0,1399.98,PayPal
TXN-02257,CLI-0191,PRD-008,2025-03-17,2.0,79.98,Tarjeta Crédito
TXN-00196,CLI-0167,PRD-013,2025-03-17,1.0,44.99,Tarjeta Crédito
TXN-02608,CLI-0022,PRD-004,2025-03-17,4.0,359.96,PayPal
TXN-02577,CLI-0162,PRD-003,2025-03-17,4.0,119.96,Tarjeta Débito
TXN-02390,CLI-0132,PRD-017,2025-03-17,2.0,1099.98,Tarjeta Débito
TXN-00385,CLI-0119,PRD-005,2025-03-17,5.0,2249.95,PayPal
TXN-02895,CLI-0178,PRD-022,2025-03-18,1.0,89.99,Tarjeta Débito
TXN-02161,CLI-0125,PRD-008,2025-03-18,1.0,39.99,Tarjeta Crédito
TXN-02674,CLI-0193,PRD-014,2025-03-18,1.0,34.99,PayPal
TXN-01490,CLI-0158,PRD-021,2025-03-18,1.0,24.99,Transferencia
TXN-02395,CLI-0028,PRD-006,2025-03-18,3.0,749.97,Tarjeta Crédito
TXN-02764,CLI-0043,PRD-014,2025-03-18,1.0,34.99,PayPal
TXN-00509,CLI-0126,PRD-004,2025-03-19,1.0,89.99,Tarjeta Débito
TXN-02119,CLI-0016,PRD-021,2025-03-19,2.0,49.98,PayPal
TXN-01906,CLI-0146,PRD-018,2025-03-20,5.0,74.95,Tarjeta Débito
TXN-01978,CLI-0076,PRD-021,2025-03-20,5.0,124.95,Tarjeta Crédito
TXN-01074,CLI-0097,PRD-003,2025-03-20,1.0,29.99,Tarjeta Débito
TXN-00120,CLI-0001,PRD-007,2025-03-20,1.0,59.99,Tarjeta Crédito
TXN-00463,CLI-0057,PRD-013,2025-03-20,1.0,44.99,Tarjeta Crédito
TXN-02210,CLI-0114,PRD-024,2025-03-21,1.0,29.99,Transferencia
TXN-01393,CLI-0189,PRD-005,2025-03-21,2.0,899.98,Tarjeta Débito
TXN-00797,CLI-0189,PRD-018,2025-03-21,5.0,74.95,Tarjeta Crédito
TXN-00348,CLI-0046,PRD-005,2025-03-21,1.0,449.99,Efectivo
TXN-02339,CLI-0193,PRD-002,2025-03-21,1.0,699.99,PayPal
TXN-01651,CLI-0151,PRD-018,2025-03-21,1.0,14.99,Tarjeta Crédito
TXN-02789,CLI-0087,PRD-003,2025-03-21,1.0,29.99,Transferencia
TXN-00055,CLI-0046,PRD-004,2025-03-21,4.0,359.96,Tarjeta Crédito
TXN-01163,CLI-0019,PRD-006,2025-03-21,3.0,749.97,Transferencia
TXN-00537,CLI-0039,PRD-004,2025-03-21,2.0,179.98,Transferencia
TXN-00157,CLI-0174,PRD-013,2025-03-22,1.0,44.99,Tarjeta Débito
TXN-02698,CLI-0099,PRD-003,2025-03-22,1.0,29.99,Tarjeta Crédito
TXN-00625,CLI-0118,PRD-016,2025-03-22,4.0,1199.96,Tarjeta Crédito
TXN-02321,CLI-0067,PRD-012,2025-03-22,5.0,99.95,Transferencia
TXN-00972,CLI-0080,PRD-024,2025-03-22,3.0,89.97,Tarjeta Débito
TXN-00765,CLI-0098,PRD-014,2025-03-22,5.0,174.95,Tarjeta Crédito
TXN-02551,CLI-0025,PRD-023,2025-03-23,1.0,349.99,Tarjeta Crédito
TXN-01548,CLI-0151,PRD-013,2025-03-23,2.0,89.98,Transferencia
TXN-00645,CLI-0100,PRD-020,2025-03-23,2.0,31.98,Tarjeta Crédito
TXN-00349,CLI-0067,PRD-011,2025-03-23,2.0,25.98,Tarjeta Débito
TXN-02488,CLI-0029,PRD-010,2025-03-23,1.0,34.99,Tarjeta Débito
TXN-00258,CLI-0039,PRD-006,2025-03-24,1.0,249.99,Tarjeta Débito
TXN-00145,CLI-0156,PRD-003,2025-03-24,1.0,29.99,Tarjeta Crédito
TXN-02845,CLI-0038,PRD-004,2025-03-24,2.0,179.98,Transferencia
TXN-01773,CLI-0071,PRD-011,2025-03-24,4.0,51.96,Tarjeta Crédito
TXN-01865,CLI-0129,PRD-001,2025-03-24,5.0,6499.95,Tarjeta Débito
TXN-01998,CLI-0187,PRD-003,2025-03-24,2.0,59.98,PayPal
TXN-02898,CLI-0015,PRD-010,2025-03-24,4.0,139.96,Efectivo
TXN-02676,CLI-0130,PRD-003,2025-03-24,4.0,119.96,Transferencia
TXN-00420,CLI-0046,PRD-011,2025-03-25,3.0,38.97,Tarjeta Crédito
TXN-01942,CLI-0042,PRD-020,2025-03-25,3.0,47.97,Transferencia
TXN-00154,CLI-0017,PRD-007,2025-03-25,5.0,299.95,Transferencia
TXN-01106,CLI-0171,PRD-008,2025-03-25,2.0,79.98,Tarjeta Débito
TXN-00416,CLI-0028,PRD-015,2025-03-25,1.0,399.99,Tarjeta Crédito
TXN-00943,CLI-0142,PRD-021,2025-03-25,1.0,24.99,Tarjeta Débito
TXN-00095,CLI-0093,PRD-003,2025-03-25,1.0,29.99,Tarjeta Crédito
TXN-01389,CLI-0129,PRD-021,2025-03-26,2.0,49.98,Tarjeta Crédito
TXN-00442,CLI-0057,PRD-006,2025-03-26,1.0,249.99,Tarjeta Crédito
TXN-02047,CLI-0040,PRD-016,2025-03-26,4.0,1199.96,Tarjeta Crédito
TXN-00706,CLI-0200,PRD-022,2025-03-26,2.0,179.98,Efectivo
TXN-00857,CLI-0105,PRD-006,2025-03-26,1.0,249.99,Tarjeta Débito
TXN-01602,CLI-0051,PRD-010,2025-03-26,1.0,34.99,Transferencia
TXN-01663,CLI-0168,PRD-019,2025-03-26,1.0,109.99,Transferencia
TXN-00168,CLI-0018,PRD-020,2025-03-26,3.0,47.97,Tarjeta Crédito
TXN-01250,CLI-0168,PRD-012,2025-03-26,5.0,99.95,Tarjeta Débito
TXN-00181,CLI-0200,PRD-009,2025-03-27,4.0,299.96,Tarjeta Débito
TXN-01586,CLI-0033,PRD-003,2025-03-27,5.0,149.95,Transferencia
TXN-02137,CLI-0189,PRD-003,2025-03-27,1.0,29.99,Efectivo
TXN-01096,CLI-0013,PRD-004,2025-03-27,2.0,179.98,Tarjeta Crédito
TXN-01435,CLI-0180,PRD-001,2025-03-27,1.0,1299.99,Tarjeta Crédito
TXN-00992,CLI-0016,PRD-008,2025-03-27,3.0,119.97,Tarjeta Débito
TXN-02222,CLI-0072,PRD-010,2025-03-27,5.0,174.95,Tarjeta Crédito
TXN-02745,CLI-0077,PRD-003,2025-03-27,3.0,89.97,Tarjeta Débito
TXN-01462,CLI-0139,PRD-007,2025-03-28,1.0,59.99,Tarjeta Crédito
TXN-00138,CLI-0123,PRD-007,2025-03-28,4.0,239.96,Tarjeta Débito
TXN-02587,CLI-0057,PRD-006,2025-03-28,1.0,249.99,Tarjeta Débito
TXN-01880,CLI-0109,PRD-011,2025-03-28,2.0,25.98,Tarjeta Débito
TXN-01170,CLI-0092,PRD-003,2025-03-28,1.0,29.99,Transferencia
TXN-02177,CLI-0102,PRD-003,2025-03-28,2.0,59.98,Transferencia
TXN-02816,CLI-0091,PRD-024,2025-03-28,5.0,149.95,Tarjeta Débito
TXN-02219,CLI-0189,PRD-003,2025-03-28,1.0,29.99,Tarjeta Débito
TXN-00760,CLI-0079,PRD-004,2025-03-28,5.0,449.95,Tarjeta Débito
TXN-02809,CLI-0158,PRD-008,2025-03-28,2.0,79.98,Efectivo
TXN-01745,CLI-0145,PRD-004,2025-03-28,1.0,89.99,Transferencia
TXN-00802,CLI-0122,PRD-011,2025-03-28,5.0,64.95,PayPal
TXN-01350,CLI-0132,PRD-020,2025-03-28,5.0,79.95,Transferencia
TXN-01346,CLI-0098,PRD-016,2025-03-28,1.0,299.99,Tarjeta Crédito
TXN-00035,CLI-0187,PRD-012,2025-03-29,4.0,79.96,Transferencia
TXN-02184,CLI-0123,PRD-017,2025-03-29,5.0,2749.95,Tarjeta Débito
TXN-01053,CLI-0003,PRD-018,2025-03-29,1.0,14.99,Transferencia
TXN-01225,CLI-0161,PRD-015,2025-03-29,1.0,399.99,Tarjeta Crédito
TXN-01593,CLI-0074,PRD-011,2025-03-29,1.0,12.99,Efectivo
TXN-01709,CLI-0062,PRD-004,2025-03-29,1.0,89.99,Tarjeta Crédito
TXN-02133,CLI-0181,PRD-003,2025-03-29,1.0,29.99,Efectivo
TXN-02917,CLI-0079,PRD-011,2025-03-29,1.0,12.99,Efectivo
TXN-01337,CLI-0195,PRD-001,2025-03-30,5.0,6499.95,Transferencia
TXN-01933,CLI-0001,PRD-019,2025-03-30,2.0,219.98,Tarjeta Débito
TXN-01596,CLI-0143,PRD-018,2025-03-30,2.0,29.98,PayPal
TXN-00259,CLI-0122,PRD-004,2025-03-30,1.0,89.99,Tarjeta Débito
TXN-00102,CLI-0047,PRD-010,2025-03-31,1.0,34.99,Tarjeta Crédito
TXN-00734,CLI-0116,PRD-007,2025-03-31,2.0,119.98,Tarjeta Débito
TXN-02456,CLI-0186,PRD-007,2025-03-31,2.0,119.98,Tarjeta Débito
TXN-00115,CLI-0135,PRD-005,2025-03-31,2.0,899.98,Tarjeta Débito
TXN-02503,CLI-0172,PRD-019,2025-03-31,3.0,329.97,Tarjeta Débito
TXN-02913,CLI-0016,PRD-020,2025-03-31,1.0,15.99,Tarjeta Crédito
TXN-01433,CLI-0023,PRD-008,2025-03-31,1.0,39.99,Tarjeta Crédito
TXN-00781,CLI-0159,PRD-002,2025-03-31,4.0,2799.96,Tarjeta Débito
TXN-01245,CLI-0098,PRD-003,2025-03-31,5.0,149.95,Transferencia
TXN-01245,CLI-0029,PRD-005,2025-04-01,3.0,1349.97,Tarjeta Débito
TXN-01546,CLI-0085,PRD-003,2025-04-01,1.0,29.99,Efectivo
TXN-00468,CLI-0112,PRD-007,2025-04-01,2.0,119.98,Tarjeta Crédito
TXN-02522,CLI-0092,PRD-024,2025-04-01,4.0,119.96,PayPal
TXN-02592,CLI-0043,PRD-001,2025-04-01,5.0,6499.95,Tarjeta Débito
TXN-00632,CLI-0111,PRD-007,2025-04-01,5.0,299.95,PayPal
TXN-02541,CLI-0131,PRD-007,2025-04-01,3.0,179.97,Tarjeta Crédito
TXN-00109,CLI-0022,PRD-013,2025-04-01,2.0,89.98,Transferencia
TXN-02094,CLI-0079,PRD-007,2025-04-01,1.0,59.99,Tarjeta Crédito
TXN-02659,CLI-0013,PRD-014,2025-04-01,1.0,34.99,Tarjeta Crédito
TXN-02571,CLI-0106,PRD-009,2025-04-01,2.0,149.98,PayPal
TXN-01834,CLI-0019,PRD-008,2025-04-02,2.0,79.98,Tarjeta Crédito
TXN-00278,CLI-0067,PRD-002,2025-04-02,5.0,3499.95,Efectivo
TXN-01038,CLI-0119,PRD-014,2025-04-02,2.0,69.98,PayPal
TXN-01081,CLI-0056,PRD-003,2025-04-02,5.0,149.95,Tarjeta Crédito
TXN-00484,CLI-0134,PRD-008,2025-04-02,5.0,199.95,Tarjeta Débito
TXN-01441,CLI-0033,PRD-016,2025-04-02,2.0,599.98,Tarjeta Débito
TXN-00209,CLI-0182,PRD-018,2025-04-02,3.0,44.97,Transferencia
TXN-02882,CLI-0178,PRD-008,2025-04-02,2.0,79.98,PayPal
TXN-00147,CLI-0016,PRD-001,2025-04-02,2.0,2599.98,Tarjeta Crédito
TXN-00360,CLI-0148,PRD-013,2025-04-03,3.0,134.97,Tarjeta Débito
TXN-02001,CLI-0101,PRD-016,2025-04-03,5.0,1499.95,Tarjeta Débito
TXN-01679,CLI-0164,PRD-021,2025-04-03,2.0,49.98,Transferencia
TXN-00130,CLI-0071,PRD-009,2025-04-03,1.0,74.99,Tarjeta Crédito
TXN-01541,CLI-0108,PRD-002,2025-04-03,1.0,699.99,Tarjeta Débito
TXN-00698,CLI-0112,PRD-003,2025-04-03,2.0,59.98,Tarjeta Débito
TXN-01092,CLI-0127,PRD-015,2025-04-03,1.0,399.99,PayPal
TXN-01426,CLI-0110,PRD-005,2025-04-04,1.0,449.99,Tarjeta Crédito
TXN-02041,CLI-0181,PRD-007,2025-04-04,5.0,299.95,Tarjeta Crédito
TXN-02887,CLI-0039,PRD-013,2025-04-04,1.0,44.99,Tarjeta Crédito
TXN-01964,CLI-0162,PRD-003,2025-04-04,4.0,119.96,Transferencia
TXN-01213,CLI-0092,PRD-001,2025-04-04,3.0,3899.97,Tarjeta Débito
TXN-01948,CLI-0194,PRD-014,2025-04-04,4.0,139.96,Tarjeta Crédito
TXN-02324,CLI-0058,PRD-016,2025-04-04,1.0,299.99,Transferencia
TXN-00810,CLI-0132,PRD-002,2025-04-04,4.0,2799.96,Transferencia
TXN-00814,CLI-0134,PRD-007,2025-04-04,3.0,179.97,Tarjeta Crédito
TXN-00470,CLI-0077,PRD-010,2025-04-04,5.0,174.95,Tarjeta Débito
TXN-01700,CLI-0165,PRD-018,2025-04-04,1.0,14.99,Tarjeta Crédito
TXN-02929,CLI-0158,PRD-002,2025-04-04,2.0,1399.98,Efectivo
TXN-00828,CLI-0009,PRD-014,2025-04-04,1.0,34.99,Tarjeta Débito
TXN-00918,CLI-0128,PRD-020,2025-04-04,4.0,63.96,Efectivo
TXN-02663,CLI-0023,PRD-004,2025-04-04,3.0,269.97,Tarjeta Crédito
TXN-02471,CLI-0081,PRD-003,2025-04-05,3.0,89.97,PayPal
TXN-02289,CLI-0014,PRD-022,2025-04-05,1.0,89.99,Tarjeta Crédito
TXN-02767,CLI-0192,PRD-008,2025-04-05,1.0,39.99,Tarjeta Crédito
TXN-00703,CLI-0129,PRD-010,2025-04-05,5.0,174.95,Transferencia
TXN-00162,CLI-0158,PRD-004,2025-04-05,3.0,269.97,Transferencia
TXN-00949,CLI-0119,PRD-008,2025-04-05,1.0,39.99,Tarjeta Débito
TXN-01630,CLI-0170,PRD-003,2025-04-05,3.0,89.97,Tarjeta Crédito
TXN-01181,CLI-0177,PRD-003,2025-04-05,1.0,29.99,Efectivo
TXN-02078,CLI-0153,PRD-002,2025-04-05,1.0,699.99,Tarjeta Crédito
TXN-02209,CLI-0010,PRD-011,2025-04-06,5.0,64.95,Transferencia
TXN-02392,CLI-0117,PRD-021,2025-04-06,2.0,49.98,Tarjeta Crédito
TXN-01293,CLI-0048,PRD-010,2025-04-06,4.0,139.96,Transferencia
TXN-02999,CLI-0046,PRD-016,2025-04-06,1.0,299.99,Transferencia
TXN-00295,CLI-0060,PRD-010,2025-04-06,3.0,104.97,Tarjeta Crédito
TXN-02316,CLI-0170,PRD-006,2025-04-07,1.0,249.99,Tarjeta Débito
TXN-00925,CLI-0060,PRD-002,2025-04-07,3.0,2099.97,Tarjeta Crédito
TXN-00076,CLI-0173,PRD-020,2025-04-07,1.0,15.99,Transferencia
TXN-01378,CLI-0106,PRD-001,2025-04-07,1.0,1299.99,PayPal
TXN-00884,CLI-0196,PRD-008,2025-04-07,2.0,79.98,PayPal
TXN-02564,CLI-0047,PRD-023,2025-04-07,1.0,349.99,PayPal
TXN-01915,CLI-0142,PRD-006,2025-04-07,1.0,249.99,Transferencia
TXN-00618,CLI-0119,PRD-008,2025-04-07,1.0,39.99,Efectivo
TXN-02629,CLI-0040,PRD-008,2025-04-07,2.0,79.98,PayPal
TXN-00753,CLI-0079,PRD-011,2025-04-07,1.0,12.99,Transferencia
